[
  {
    "target_id": 1,
    "user_id": 1,
    "team_id": null,
    "time_period": "Feb 2024",
    "target_type": "Revenue",
    "target_value": 104942,
    "actual_value": 65505.976843112876,
    "start_date": "2024-02-01",
    "end_date": "2024-02-29",
    "created_at": "2025-12-25 09:33:49"
  },
  {
    "target_id": 2,
    "user_id": 1,
    "team_id": null,
    "time_period": "Q2 2024",
    "target_type": "Revenue",
    "target_value": 195070,
    "actual_value": 109635.29609708037,
    "start_date": "2024-04-01",
    "end_date": "2024-06-30",
    "created_at": "2025-12-25 09:33:49"
  },
  {
    "target_id": 3,
    "user_id": 2,
    "team_id": null,
    "time_period": "Q4 2024",
    "target_type": "Deals Closed",
    "target_value": 6,
    "actual_value": 5.3453861191928915,
    "start_date": "2024-10-01",
    "end_date": "2024-12-31",
    "created_at": "2025-12-25 09:33:49"
  },
  {
    "target_id": 4,
    "user_id": 2,
    "team_id": null,
    "time_period": "Q4 2024",
    "target_type": "New Leads",
    "target_value": 22,
    "actual_value": 15.782630705188653,
    "start_date": "2024-10-01",
    "end_date": "2024-12-31",
    "created_at": "2025-12-25 09:33:49"
  },
  {
    "target_id": 5,
    "user_id": 3,
    "team_id": null,
    "time_period": "Q3 2024",
    "target_type": "Revenue",
    "target_value": 163425,
    "actual_value": 137548.618898258,
    "start_date": "2024-07-01",
    "end_date": "2024-09-30",
    "created_at": "2025-12-25 09:33:49"
  },
  {
    "target_id": 6,
    "user_id": 3,
    "team_id": null,
    "time_period": "Feb 2024",
    "target_type": "Revenue",
    "target_value": 189465,
    "actual_value": 97318.22234276946,
    "start_date": "2024-02-01",
    "end_date": "2024-02-29",
    "created_at": "2025-12-25 09:33:49"
  },
  {
    "target_id": 7,
    "user_id": 4,
    "team_id": null,
    "time_period": "Q4 2024",
    "target_type": "New Leads",
    "target_value": 14,
    "actual_value": 12.118956232685182,
    "start_date": "2024-10-01",
    "end_date": "2024-12-31",
    "created_at": "2025-12-25 09:33:49"
  },
  {
    "target_id": 8,
    "user_id": 4,
    "team_id": null,
    "time_period": "Jan 2024",
    "target_type": "New Leads",
    "target_value": 28,
    "actual_value": 20.555352750725014,
    "start_date": "2024-01-01",
    "end_date": "2024-01-31",
    "created_at": "2025-12-25 09:33:49"
  },
  {
    "target_id": 9,
    "user_id": 4,
    "team_id": null,
    "time_period": "Q4 2024",
    "target_type": "Deals Closed",
    "target_value": 10,
    "actual_value": 8.093398654120008,
    "start_date": "2024-10-01",
    "end_date": "2024-12-31",
    "created_at": "2025-12-25 09:33:49"
  },
  {
    "target_id": 10,
    "user_id": 4,
    "team_id": null,
    "time_period": "Mar 2024",
    "target_type": "Deals Closed",
    "target_value": 6,
    "actual_value": 4.829954015617524,
    "start_date": "2024-03-01",
    "end_date": "2024-03-31",
    "created_at": "2025-12-25 09:33:49"
  },
  {
    "target_id": 11,
    "user_id": 5,
    "team_id": null,
    "time_period": "May 2024",
    "target_type": "Revenue",
    "target_value": 448645,
    "actual_value": 446436.7471086418,
    "start_date": "2024-05-01",
    "end_date": "2024-05-31",
    "created_at": "2025-12-25 09:33:49"
  },
  {
    "target_id": 12,
    "user_id": 5,
    "team_id": null,
    "time_period": "Jun 2024",
    "target_type": "Deals Closed",
    "target_value": 9,
    "actual_value": 7.91844178635396,
    "start_date": "2024-06-01",
    "end_date": "2024-06-30",
    "created_at": "2025-12-25 09:33:49"
  },
  {
    "target_id": 13,
    "user_id": 6,
    "team_id": null,
    "time_period": "Jun 2024",
    "target_type": "Revenue",
    "target_value": 63687,
    "actual_value": 58609.69072408717,
    "start_date": "2024-06-01",
    "end_date": "2024-06-30",
    "created_at": "2025-12-25 09:33:49"
  },
  {
    "target_id": 14,
    "user_id": 6,
    "team_id": null,
    "time_period": "May 2024",
    "target_type": "New Leads",
    "target_value": 35,
    "actual_value": 33.29885870032778,
    "start_date": "2024-05-01",
    "end_date": "2024-05-31",
    "created_at": "2025-12-25 09:33:49"
  },
  {
    "target_id": 15,
    "user_id": 6,
    "team_id": null,
    "time_period": "Q1 2024",
    "target_type": "Deals Closed",
    "target_value": 11,
    "actual_value": 8.757486046729207,
    "start_date": "2024-01-01",
    "end_date": "2024-03-31",
    "created_at": "2025-12-25 09:33:49"
  },
  {
    "target_id": 16,
    "user_id": 6,
    "team_id": null,
    "time_period": "May 2024",
    "target_type": "Revenue",
    "target_value": 105289,
    "actual_value": 88435.45363026958,
    "start_date": "2024-05-01",
    "end_date": "2024-05-31",
    "created_at": "2025-12-25 09:33:49"
  },
  {
    "target_id": 17,
    "user_id": 7,
    "team_id": null,
    "time_period": "Q2 2024",
    "target_type": "Deals Closed",
    "target_value": 17,
    "actual_value": 15.902867428607642,
    "start_date": "2024-04-01",
    "end_date": "2024-06-30",
    "created_at": "2025-12-25 09:33:49"
  },
  {
    "target_id": 18,
    "user_id": 7,
    "team_id": null,
    "time_period": "Jun 2024",
    "target_type": "Deals Closed",
    "target_value": 17,
    "actual_value": 10.47040246784881,
    "start_date": "2024-06-01",
    "end_date": "2024-06-30",
    "created_at": "2025-12-25 09:33:49"
  },
  {
    "target_id": 19,
    "user_id": 8,
    "team_id": null,
    "time_period": "Q1 2024",
    "target_type": "Deals Closed",
    "target_value": 12,
    "actual_value": 7.852896468968385,
    "start_date": "2024-01-01",
    "end_date": "2024-03-31",
    "created_at": "2025-12-25 09:33:49"
  },
  {
    "target_id": 20,
    "user_id": 8,
    "team_id": null,
    "time_period": "Apr 2024",
    "target_type": "New Leads",
    "target_value": 15,
    "actual_value": 8.665873365768043,
    "start_date": "2024-04-01",
    "end_date": "2024-04-30",
    "created_at": "2025-12-25 09:33:49"
  },
  {
    "target_id": 21,
    "user_id": 9,
    "team_id": null,
    "time_period": "Q2 2024",
    "target_type": "Deals Closed",
    "target_value": 15,
    "actual_value": 12.933577286930726,
    "start_date": "2024-04-01",
    "end_date": "2024-06-30",
    "created_at": "2025-12-25 09:33:49"
  },
  {
    "target_id": 22,
    "user_id": 9,
    "team_id": null,
    "time_period": "Jun 2024",
    "target_type": "Deals Closed",
    "target_value": 16,
    "actual_value": 15.787829087816998,
    "start_date": "2024-06-01",
    "end_date": "2024-06-30",
    "created_at": "2025-12-25 09:33:49"
  },
  {
    "target_id": 23,
    "user_id": 10,
    "team_id": null,
    "time_period": "Q2 2024",
    "target_type": "New Leads",
    "target_value": 36,
    "actual_value": 22.160623402370053,
    "start_date": "2024-04-01",
    "end_date": "2024-06-30",
    "created_at": "2025-12-25 09:33:49"
  },
  {
    "target_id": 24,
    "user_id": 10,
    "team_id": null,
    "time_period": "Q1 2024",
    "target_type": "New Leads",
    "target_value": 36,
    "actual_value": 26.448652037300278,
    "start_date": "2024-01-01",
    "end_date": "2024-03-31",
    "created_at": "2025-12-25 09:33:49"
  },
  {
    "target_id": 25,
    "user_id": 11,
    "team_id": null,
    "time_period": "Q2 2024",
    "target_type": "Deals Closed",
    "target_value": 17,
    "actual_value": 14.62228383084017,
    "start_date": "2024-04-01",
    "end_date": "2024-06-30",
    "created_at": "2025-12-25 09:33:49"
  },
  {
    "target_id": 26,
    "user_id": 11,
    "team_id": null,
    "time_period": "May 2024",
    "target_type": "New Leads",
    "target_value": 14,
    "actual_value": 8.66197857644585,
    "start_date": "2024-05-01",
    "end_date": "2024-05-31",
    "created_at": "2025-12-25 09:33:49"
  },
  {
    "target_id": 27,
    "user_id": 11,
    "team_id": null,
    "time_period": "Q2 2024",
    "target_type": "New Leads",
    "target_value": 20,
    "actual_value": 15.289407328053423,
    "start_date": "2024-04-01",
    "end_date": "2024-06-30",
    "created_at": "2025-12-25 09:33:49"
  },
  {
    "target_id": 28,
    "user_id": 11,
    "team_id": null,
    "time_period": "Q1 2024",
    "target_type": "Deals Closed",
    "target_value": 19,
    "actual_value": 9.10966333031752,
    "start_date": "2024-01-01",
    "end_date": "2024-03-31",
    "created_at": "2025-12-25 09:33:49"
  },
  {
    "target_id": 29,
    "user_id": 12,
    "team_id": null,
    "time_period": "Jun 2024",
    "target_type": "Revenue",
    "target_value": 112030,
    "actual_value": 64136.355972473444,
    "start_date": "2024-06-01",
    "end_date": "2024-06-30",
    "created_at": "2025-12-25 09:33:49"
  },
  {
    "target_id": 30,
    "user_id": 12,
    "team_id": null,
    "time_period": "Q1 2024",
    "target_type": "Revenue",
    "target_value": 87992,
    "actual_value": 58767.24829643519,
    "start_date": "2024-01-01",
    "end_date": "2024-03-31",
    "created_at": "2025-12-25 09:33:49"
  },
  {
    "target_id": 31,
    "user_id": 13,
    "team_id": null,
    "time_period": "Q4 2024",
    "target_type": "New Leads",
    "target_value": 33,
    "actual_value": 31.989425184743567,
    "start_date": "2024-10-01",
    "end_date": "2024-12-31",
    "created_at": "2025-12-25 09:33:49"
  },
  {
    "target_id": 32,
    "user_id": 13,
    "team_id": null,
    "time_period": "May 2024",
    "target_type": "Deals Closed",
    "target_value": 10,
    "actual_value": 6.045448230070527,
    "start_date": "2024-05-01",
    "end_date": "2024-05-31",
    "created_at": "2025-12-25 09:33:49"
  },
  {
    "target_id": 33,
    "user_id": 13,
    "team_id": null,
    "time_period": "Jan 2024",
    "target_type": "Revenue",
    "target_value": 58746,
    "actual_value": 23503.616215225204,
    "start_date": "2024-01-01",
    "end_date": "2024-01-31",
    "created_at": "2025-12-25 09:33:49"
  },
  {
    "target_id": 34,
    "user_id": 14,
    "team_id": null,
    "time_period": "Q1 2024",
    "target_type": "Revenue",
    "target_value": 108519,
    "actual_value": 68175.38500290204,
    "start_date": "2024-01-01",
    "end_date": "2024-03-31",
    "created_at": "2025-12-25 09:33:49"
  },
  {
    "target_id": 35,
    "user_id": 14,
    "team_id": null,
    "time_period": "Apr 2024",
    "target_type": "New Leads",
    "target_value": 36,
    "actual_value": 18.20603225794391,
    "start_date": "2024-04-01",
    "end_date": "2024-04-30",
    "created_at": "2025-12-25 09:33:49"
  },
  {
    "target_id": 36,
    "user_id": 15,
    "team_id": null,
    "time_period": "Feb 2024",
    "target_type": "New Leads",
    "target_value": 10,
    "actual_value": 9.887082284472713,
    "start_date": "2024-02-01",
    "end_date": "2024-02-29",
    "created_at": "2025-12-25 09:33:49"
  },
  {
    "target_id": 37,
    "user_id": 15,
    "team_id": null,
    "time_period": "Q4 2024",
    "target_type": "New Leads",
    "target_value": 22,
    "actual_value": 14.416836860255309,
    "start_date": "2024-10-01",
    "end_date": "2024-12-31",
    "created_at": "2025-12-25 09:33:49"
  },
  {
    "target_id": 38,
    "user_id": 15,
    "team_id": null,
    "time_period": "Jun 2024",
    "target_type": "Deals Closed",
    "target_value": 19,
    "actual_value": 13.811679180175304,
    "start_date": "2024-06-01",
    "end_date": "2024-06-30",
    "created_at": "2025-12-25 09:33:49"
  },
  {
    "target_id": 39,
    "user_id": 16,
    "team_id": null,
    "time_period": "Feb 2024",
    "target_type": "Revenue",
    "target_value": 64380,
    "actual_value": 51108.363530142815,
    "start_date": "2024-02-01",
    "end_date": "2024-02-29",
    "created_at": "2025-12-25 09:33:49"
  },
  {
    "target_id": 40,
    "user_id": 16,
    "team_id": null,
    "time_period": "Q2 2024",
    "target_type": "Deals Closed",
    "target_value": 19,
    "actual_value": 8.871483982409002,
    "start_date": "2024-04-01",
    "end_date": "2024-06-30",
    "created_at": "2025-12-25 09:33:49"
  },
  {
    "target_id": 41,
    "user_id": 16,
    "team_id": null,
    "time_period": "Q3 2024",
    "target_type": "New Leads",
    "target_value": 21,
    "actual_value": 16.492089683535113,
    "start_date": "2024-07-01",
    "end_date": "2024-09-30",
    "created_at": "2025-12-25 09:33:49"
  },
  {
    "target_id": 42,
    "user_id": 17,
    "team_id": null,
    "time_period": "Mar 2024",
    "target_type": "New Leads",
    "target_value": 23,
    "actual_value": 16.75465677379865,
    "start_date": "2024-03-01",
    "end_date": "2024-03-31",
    "created_at": "2025-12-25 09:33:49"
  },
  {
    "target_id": 43,
    "user_id": 17,
    "team_id": null,
    "time_period": "Feb 2024",
    "target_type": "New Leads",
    "target_value": 18,
    "actual_value": 17.009314815382996,
    "start_date": "2024-02-01",
    "end_date": "2024-02-29",
    "created_at": "2025-12-25 09:33:49"
  },
  {
    "target_id": 44,
    "user_id": 17,
    "team_id": null,
    "time_period": "Q1 2024",
    "target_type": "Deals Closed",
    "target_value": 15,
    "actual_value": 6.58780974350317,
    "start_date": "2024-01-01",
    "end_date": "2024-03-31",
    "created_at": "2025-12-25 09:33:49"
  },
  {
    "target_id": 45,
    "user_id": 18,
    "team_id": null,
    "time_period": "Jan 2024",
    "target_type": "Revenue",
    "target_value": 131567,
    "actual_value": 90272.10133310764,
    "start_date": "2024-01-01",
    "end_date": "2024-01-31",
    "created_at": "2025-12-25 09:33:49"
  },
  {
    "target_id": 46,
    "user_id": 18,
    "team_id": null,
    "time_period": "Jan 2024",
    "target_type": "Revenue",
    "target_value": 112686,
    "actual_value": 111063.79653826467,
    "start_date": "2024-01-01",
    "end_date": "2024-01-31",
    "created_at": "2025-12-25 09:33:49"
  },
  {
    "target_id": 47,
    "user_id": 18,
    "team_id": null,
    "time_period": "Jun 2024",
    "target_type": "New Leads",
    "target_value": 18,
    "actual_value": 16.368530396987914,
    "start_date": "2024-06-01",
    "end_date": "2024-06-30",
    "created_at": "2025-12-25 09:33:49"
  },
  {
    "target_id": 48,
    "user_id": 19,
    "team_id": null,
    "time_period": "Feb 2024",
    "target_type": "New Leads",
    "target_value": 32,
    "actual_value": 14.057838305712842,
    "start_date": "2024-02-01",
    "end_date": "2024-02-29",
    "created_at": "2025-12-25 09:33:49"
  },
  {
    "target_id": 49,
    "user_id": 19,
    "team_id": null,
    "time_period": "Feb 2024",
    "target_type": "Deals Closed",
    "target_value": 18,
    "actual_value": 13.480075340282706,
    "start_date": "2024-02-01",
    "end_date": "2024-02-29",
    "created_at": "2025-12-25 09:33:49"
  },
  {
    "target_id": 50,
    "user_id": 19,
    "team_id": null,
    "time_period": "Jun 2024",
    "target_type": "Revenue",
    "target_value": 58621,
    "actual_value": 44618.30199141693,
    "start_date": "2024-06-01",
    "end_date": "2024-06-30",
    "created_at": "2025-12-25 09:33:49"
  },
  {
    "target_id": 51,
    "user_id": 19,
    "team_id": null,
    "time_period": "Q1 2024",
    "target_type": "Revenue",
    "target_value": 71343,
    "actual_value": 62815.06529093295,
    "start_date": "2024-01-01",
    "end_date": "2024-03-31",
    "created_at": "2025-12-25 09:33:49"
  },
  {
    "target_id": 52,
    "user_id": 20,
    "team_id": null,
    "time_period": "Jan 2024",
    "target_type": "Revenue",
    "target_value": 197922,
    "actual_value": 160075.6162146509,
    "start_date": "2024-01-01",
    "end_date": "2024-01-31",
    "created_at": "2025-12-25 09:33:49"
  },
  {
    "target_id": 53,
    "user_id": 20,
    "team_id": null,
    "time_period": "Feb 2024",
    "target_type": "New Leads",
    "target_value": 38,
    "actual_value": 30.565246574729258,
    "start_date": "2024-02-01",
    "end_date": "2024-02-29",
    "created_at": "2025-12-25 09:33:49"
  },
  {
    "target_id": 54,
    "user_id": 20,
    "team_id": null,
    "time_period": "Mar 2024",
    "target_type": "Deals Closed",
    "target_value": 5,
    "actual_value": 2.013086431296711,
    "start_date": "2024-03-01",
    "end_date": "2024-03-31",
    "created_at": "2025-12-25 09:33:49"
  },
  {
    "target_id": 55,
    "user_id": 21,
    "team_id": null,
    "time_period": "Q3 2024",
    "target_type": "Deals Closed",
    "target_value": 16,
    "actual_value": 7.238890132107045,
    "start_date": "2024-07-01",
    "end_date": "2024-09-30",
    "created_at": "2025-12-25 09:33:49"
  },
  {
    "target_id": 56,
    "user_id": 21,
    "team_id": null,
    "time_period": "Q2 2024",
    "target_type": "Deals Closed",
    "target_value": 10,
    "actual_value": 6.929372547159776,
    "start_date": "2024-04-01",
    "end_date": "2024-06-30",
    "created_at": "2025-12-25 09:33:49"
  },
  {
    "target_id": 57,
    "user_id": 21,
    "team_id": null,
    "time_period": "Mar 2024",
    "target_type": "Deals Closed",
    "target_value": 10,
    "actual_value": 4.671628437210291,
    "start_date": "2024-03-01",
    "end_date": "2024-03-31",
    "created_at": "2025-12-25 09:33:49"
  },
  {
    "target_id": 58,
    "user_id": 22,
    "team_id": null,
    "time_period": "Jan 2024",
    "target_type": "Deals Closed",
    "target_value": 8,
    "actual_value": 4.622474956387276,
    "start_date": "2024-01-01",
    "end_date": "2024-01-31",
    "created_at": "2025-12-25 09:33:49"
  },
  {
    "target_id": 59,
    "user_id": 22,
    "team_id": null,
    "time_period": "Feb 2024",
    "target_type": "Revenue",
    "target_value": 111366,
    "actual_value": 45794.74047008777,
    "start_date": "2024-02-01",
    "end_date": "2024-02-29",
    "created_at": "2025-12-25 09:33:49"
  },
  {
    "target_id": 60,
    "user_id": 22,
    "team_id": null,
    "time_period": "Jun 2024",
    "target_type": "Deals Closed",
    "target_value": 10,
    "actual_value": 8.14239391798144,
    "start_date": "2024-06-01",
    "end_date": "2024-06-30",
    "created_at": "2025-12-25 09:33:49"
  },
  {
    "target_id": 61,
    "user_id": 23,
    "team_id": null,
    "time_period": "Apr 2024",
    "target_type": "Deals Closed",
    "target_value": 17,
    "actual_value": 14.532648888466984,
    "start_date": "2024-04-01",
    "end_date": "2024-04-30",
    "created_at": "2025-12-25 09:33:49"
  },
  {
    "target_id": 62,
    "user_id": 23,
    "team_id": null,
    "time_period": "Q1 2024",
    "target_type": "Revenue",
    "target_value": 162331,
    "actual_value": 86412.2739553766,
    "start_date": "2024-01-01",
    "end_date": "2024-03-31",
    "created_at": "2025-12-25 09:33:49"
  },
  {
    "target_id": 63,
    "user_id": 23,
    "team_id": null,
    "time_period": "Q4 2024",
    "target_type": "Revenue",
    "target_value": 50545,
    "actual_value": 41005.89136903261,
    "start_date": "2024-10-01",
    "end_date": "2024-12-31",
    "created_at": "2025-12-25 09:33:49"
  },
  {
    "target_id": 64,
    "user_id": 23,
    "team_id": null,
    "time_period": "Feb 2024",
    "target_type": "Revenue",
    "target_value": 80998,
    "actual_value": 65956.95150059367,
    "start_date": "2024-02-01",
    "end_date": "2024-02-29",
    "created_at": "2025-12-25 09:33:49"
  },
  {
    "target_id": 65,
    "user_id": 24,
    "team_id": null,
    "time_period": "Q3 2024",
    "target_type": "Revenue",
    "target_value": 80388,
    "actual_value": 46708.629369193804,
    "start_date": "2024-07-01",
    "end_date": "2024-09-30",
    "created_at": "2025-12-25 09:33:49"
  },
  {
    "target_id": 66,
    "user_id": 24,
    "team_id": null,
    "time_period": "Q3 2024",
    "target_type": "Deals Closed",
    "target_value": 9,
    "actual_value": 4.42397362820917,
    "start_date": "2024-07-01",
    "end_date": "2024-09-30",
    "created_at": "2025-12-25 09:33:49"
  },
  {
    "target_id": 67,
    "user_id": 25,
    "team_id": null,
    "time_period": "Apr 2024",
    "target_type": "New Leads",
    "target_value": 12,
    "actual_value": 4.92977450641622,
    "start_date": "2024-04-01",
    "end_date": "2024-04-30",
    "created_at": "2025-12-25 09:33:49"
  },
  {
    "target_id": 68,
    "user_id": 25,
    "team_id": null,
    "time_period": "Q3 2024",
    "target_type": "Deals Closed",
    "target_value": 11,
    "actual_value": 5.203364085400725,
    "start_date": "2024-07-01",
    "end_date": "2024-09-30",
    "created_at": "2025-12-25 09:33:49"
  },
  {
    "target_id": 69,
    "user_id": 25,
    "team_id": null,
    "time_period": "Feb 2024",
    "target_type": "Revenue",
    "target_value": 185470,
    "actual_value": 176070.11821992588,
    "start_date": "2024-02-01",
    "end_date": "2024-02-29",
    "created_at": "2025-12-25 09:33:49"
  },
  {
    "target_id": 70,
    "user_id": 25,
    "team_id": null,
    "time_period": "Jun 2024",
    "target_type": "Revenue",
    "target_value": 181255,
    "actual_value": 143284.60701609007,
    "start_date": "2024-06-01",
    "end_date": "2024-06-30",
    "created_at": "2025-12-25 09:33:49"
  },
  {
    "target_id": 71,
    "user_id": 26,
    "team_id": null,
    "time_period": "Jun 2024",
    "target_type": "New Leads",
    "target_value": 23,
    "actual_value": 12.041475655996933,
    "start_date": "2024-06-01",
    "end_date": "2024-06-30",
    "created_at": "2025-12-25 09:33:49"
  },
  {
    "target_id": 72,
    "user_id": 26,
    "team_id": null,
    "time_period": "Jan 2024",
    "target_type": "New Leads",
    "target_value": 23,
    "actual_value": 17.56167480045814,
    "start_date": "2024-01-01",
    "end_date": "2024-01-31",
    "created_at": "2025-12-25 09:33:49"
  },
  {
    "target_id": 73,
    "user_id": 26,
    "team_id": null,
    "time_period": "Jun 2024",
    "target_type": "New Leads",
    "target_value": 34,
    "actual_value": 18.084290499520556,
    "start_date": "2024-06-01",
    "end_date": "2024-06-30",
    "created_at": "2025-12-25 09:33:49"
  },
  {
    "target_id": 74,
    "user_id": 27,
    "team_id": null,
    "time_period": "Q3 2024",
    "target_type": "New Leads",
    "target_value": 26,
    "actual_value": 19.73234639293554,
    "start_date": "2024-07-01",
    "end_date": "2024-09-30",
    "created_at": "2025-12-25 09:33:49"
  },
  {
    "target_id": 75,
    "user_id": 27,
    "team_id": null,
    "time_period": "Q2 2024",
    "target_type": "Deals Closed",
    "target_value": 11,
    "actual_value": 8.664052255826455,
    "start_date": "2024-04-01",
    "end_date": "2024-06-30",
    "created_at": "2025-12-25 09:33:49"
  },
  {
    "target_id": 76,
    "user_id": 27,
    "team_id": null,
    "time_period": "Jan 2024",
    "target_type": "Revenue",
    "target_value": 166875,
    "actual_value": 117649.42015530445,
    "start_date": "2024-01-01",
    "end_date": "2024-01-31",
    "created_at": "2025-12-25 09:33:49"
  },
  {
    "target_id": 77,
    "user_id": 28,
    "team_id": null,
    "time_period": "Feb 2024",
    "target_type": "New Leads",
    "target_value": 17,
    "actual_value": 15.571648565346864,
    "start_date": "2024-02-01",
    "end_date": "2024-02-29",
    "created_at": "2025-12-25 09:33:49"
  },
  {
    "target_id": 78,
    "user_id": 28,
    "team_id": null,
    "time_period": "Q2 2024",
    "target_type": "Deals Closed",
    "target_value": 7,
    "actual_value": 6.237789796577138,
    "start_date": "2024-04-01",
    "end_date": "2024-06-30",
    "created_at": "2025-12-25 09:33:49"
  },
  {
    "target_id": 79,
    "user_id": 28,
    "team_id": null,
    "time_period": "Jun 2024",
    "target_type": "Deals Closed",
    "target_value": 19,
    "actual_value": 7.850945208906602,
    "start_date": "2024-06-01",
    "end_date": "2024-06-30",
    "created_at": "2025-12-25 09:33:49"
  },
  {
    "target_id": 80,
    "user_id": 29,
    "team_id": null,
    "time_period": "Feb 2024",
    "target_type": "Deals Closed",
    "target_value": 11,
    "actual_value": 5.893027033090784,
    "start_date": "2024-02-01",
    "end_date": "2024-02-29",
    "created_at": "2025-12-25 09:33:49"
  },
  {
    "target_id": 81,
    "user_id": 29,
    "team_id": null,
    "time_period": "Apr 2024",
    "target_type": "New Leads",
    "target_value": 15,
    "actual_value": 14.997785508484894,
    "start_date": "2024-04-01",
    "end_date": "2024-04-30",
    "created_at": "2025-12-25 09:33:49"
  },
  {
    "target_id": 82,
    "user_id": 29,
    "team_id": null,
    "time_period": "Q1 2024",
    "target_type": "Revenue",
    "target_value": 50831,
    "actual_value": 43149.10255775877,
    "start_date": "2024-01-01",
    "end_date": "2024-03-31",
    "created_at": "2025-12-25 09:33:49"
  },
  {
    "target_id": 83,
    "user_id": 30,
    "team_id": null,
    "time_period": "Q3 2024",
    "target_type": "Revenue",
    "target_value": 64254,
    "actual_value": 57940.513257426515,
    "start_date": "2024-07-01",
    "end_date": "2024-09-30",
    "created_at": "2025-12-25 09:33:49"
  },
  {
    "target_id": 84,
    "user_id": 30,
    "team_id": null,
    "time_period": "Q2 2024",
    "target_type": "Revenue",
    "target_value": 137343,
    "actual_value": 135660.72764656242,
    "start_date": "2024-04-01",
    "end_date": "2024-06-30",
    "created_at": "2025-12-25 09:33:49"
  },
  {
    "target_id": 85,
    "user_id": 31,
    "team_id": null,
    "time_period": "Q2 2024",
    "target_type": "New Leads",
    "target_value": 29,
    "actual_value": 26.39261873898315,
    "start_date": "2024-04-01",
    "end_date": "2024-06-30",
    "created_at": "2025-12-25 09:33:49"
  },
  {
    "target_id": 86,
    "user_id": 31,
    "team_id": null,
    "time_period": "Q3 2024",
    "target_type": "Revenue",
    "target_value": 182510,
    "actual_value": 140943.37848660158,
    "start_date": "2024-07-01",
    "end_date": "2024-09-30",
    "created_at": "2025-12-25 09:33:49"
  },
  {
    "target_id": 87,
    "user_id": 31,
    "team_id": null,
    "time_period": "Q3 2024",
    "target_type": "Revenue",
    "target_value": 58747,
    "actual_value": 56243.07765180226,
    "start_date": "2024-07-01",
    "end_date": "2024-09-30",
    "created_at": "2025-12-25 09:33:49"
  },
  {
    "target_id": 88,
    "user_id": 31,
    "team_id": null,
    "time_period": "Q1 2024",
    "target_type": "New Leads",
    "target_value": 13,
    "actual_value": 7.814673575400494,
    "start_date": "2024-01-01",
    "end_date": "2024-03-31",
    "created_at": "2025-12-25 09:33:49"
  },
  {
    "target_id": 89,
    "user_id": 32,
    "team_id": null,
    "time_period": "Jan 2024",
    "target_type": "Revenue",
    "target_value": 249360,
    "actual_value": 198975.51315778037,
    "start_date": "2024-01-01",
    "end_date": "2024-01-31",
    "created_at": "2025-12-25 09:33:49"
  },
  {
    "target_id": 90,
    "user_id": 32,
    "team_id": null,
    "time_period": "Feb 2024",
    "target_type": "Revenue",
    "target_value": 367855,
    "actual_value": 284238.25516564195,
    "start_date": "2024-02-01",
    "end_date": "2024-02-29",
    "created_at": "2025-12-25 09:33:49"
  },
  {
    "target_id": 91,
    "user_id": 33,
    "team_id": null,
    "time_period": "Q4 2024",
    "target_type": "Deals Closed",
    "target_value": 11,
    "actual_value": 10.845506242962811,
    "start_date": "2024-10-01",
    "end_date": "2024-12-31",
    "created_at": "2025-12-25 09:33:49"
  },
  {
    "target_id": 92,
    "user_id": 33,
    "team_id": null,
    "time_period": "Q4 2024",
    "target_type": "Deals Closed",
    "target_value": 19,
    "actual_value": 14.457089935625838,
    "start_date": "2024-10-01",
    "end_date": "2024-12-31",
    "created_at": "2025-12-25 09:33:49"
  },
  {
    "target_id": 93,
    "user_id": 33,
    "team_id": null,
    "time_period": "Q4 2024",
    "target_type": "Revenue",
    "target_value": 474857,
    "actual_value": 396888.672922622,
    "start_date": "2024-10-01",
    "end_date": "2024-12-31",
    "created_at": "2025-12-25 09:33:49"
  },
  {
    "target_id": 94,
    "user_id": 34,
    "team_id": null,
    "time_period": "Q2 2024",
    "target_type": "Deals Closed",
    "target_value": 15,
    "actual_value": 11.970433818783647,
    "start_date": "2024-04-01",
    "end_date": "2024-06-30",
    "created_at": "2025-12-25 09:33:49"
  },
  {
    "target_id": 95,
    "user_id": 34,
    "team_id": null,
    "time_period": "Jan 2024",
    "target_type": "New Leads",
    "target_value": 28,
    "actual_value": 23.43277294680563,
    "start_date": "2024-01-01",
    "end_date": "2024-01-31",
    "created_at": "2025-12-25 09:33:49"
  },
  {
    "target_id": 96,
    "user_id": 35,
    "team_id": null,
    "time_period": "Mar 2024",
    "target_type": "Deals Closed",
    "target_value": 13,
    "actual_value": 11.783880677438452,
    "start_date": "2024-03-01",
    "end_date": "2024-03-31",
    "created_at": "2025-12-25 09:33:49"
  },
  {
    "target_id": 97,
    "user_id": 35,
    "team_id": null,
    "time_period": "Apr 2024",
    "target_type": "Revenue",
    "target_value": 132046,
    "actual_value": 95550.91989558836,
    "start_date": "2024-04-01",
    "end_date": "2024-04-30",
    "created_at": "2025-12-25 09:33:49"
  },
  {
    "target_id": 98,
    "user_id": 35,
    "team_id": null,
    "time_period": "Q3 2024",
    "target_type": "New Leads",
    "target_value": 35,
    "actual_value": 28.615849281806444,
    "start_date": "2024-07-01",
    "end_date": "2024-09-30",
    "created_at": "2025-12-25 09:33:49"
  },
  {
    "target_id": 99,
    "user_id": 35,
    "team_id": null,
    "time_period": "Apr 2024",
    "target_type": "New Leads",
    "target_value": 14,
    "actual_value": 6.971493313914634,
    "start_date": "2024-04-01",
    "end_date": "2024-04-30",
    "created_at": "2025-12-25 09:33:49"
  },
  {
    "target_id": 100,
    "user_id": 36,
    "team_id": null,
    "time_period": "Jun 2024",
    "target_type": "New Leads",
    "target_value": 20,
    "actual_value": 17.97343510510086,
    "start_date": "2024-06-01",
    "end_date": "2024-06-30",
    "created_at": "2025-12-25 09:33:49"
  },
  {
    "target_id": 101,
    "user_id": 36,
    "team_id": null,
    "time_period": "Q2 2024",
    "target_type": "Deals Closed",
    "target_value": 18,
    "actual_value": 14.887798702641852,
    "start_date": "2024-04-01",
    "end_date": "2024-06-30",
    "created_at": "2025-12-25 09:33:49"
  },
  {
    "target_id": 102,
    "user_id": 36,
    "team_id": null,
    "time_period": "Q2 2024",
    "target_type": "Revenue",
    "target_value": 199285,
    "actual_value": 82679.61000648458,
    "start_date": "2024-04-01",
    "end_date": "2024-06-30",
    "created_at": "2025-12-25 09:33:49"
  },
  {
    "target_id": 103,
    "user_id": 36,
    "team_id": null,
    "time_period": "Q1 2024",
    "target_type": "Revenue",
    "target_value": 168705,
    "actual_value": 77894.61989747846,
    "start_date": "2024-01-01",
    "end_date": "2024-03-31",
    "created_at": "2025-12-25 09:33:49"
  },
  {
    "target_id": 104,
    "user_id": 37,
    "team_id": null,
    "time_period": "May 2024",
    "target_type": "New Leads",
    "target_value": 25,
    "actual_value": 22.21645444308003,
    "start_date": "2024-05-01",
    "end_date": "2024-05-31",
    "created_at": "2025-12-25 09:33:49"
  },
  {
    "target_id": 105,
    "user_id": 37,
    "team_id": null,
    "time_period": "Q1 2024",
    "target_type": "New Leads",
    "target_value": 24,
    "actual_value": 12.44351416233743,
    "start_date": "2024-01-01",
    "end_date": "2024-03-31",
    "created_at": "2025-12-25 09:33:49"
  },
  {
    "target_id": 106,
    "user_id": 38,
    "team_id": null,
    "time_period": "Feb 2024",
    "target_type": "New Leads",
    "target_value": 24,
    "actual_value": 16.739111885210036,
    "start_date": "2024-02-01",
    "end_date": "2024-02-29",
    "created_at": "2025-12-25 09:33:49"
  },
  {
    "target_id": 107,
    "user_id": 38,
    "team_id": null,
    "time_period": "Mar 2024",
    "target_type": "Revenue",
    "target_value": 185356,
    "actual_value": 86166.71166278969,
    "start_date": "2024-03-01",
    "end_date": "2024-03-31",
    "created_at": "2025-12-25 09:33:49"
  },
  {
    "target_id": 108,
    "user_id": 38,
    "team_id": null,
    "time_period": "Apr 2024",
    "target_type": "Deals Closed",
    "target_value": 16,
    "actual_value": 14.543917758867202,
    "start_date": "2024-04-01",
    "end_date": "2024-04-30",
    "created_at": "2025-12-25 09:33:49"
  },
  {
    "target_id": 109,
    "user_id": 39,
    "team_id": null,
    "time_period": "Q1 2024",
    "target_type": "Revenue",
    "target_value": 73252,
    "actual_value": 71496.94139041453,
    "start_date": "2024-01-01",
    "end_date": "2024-03-31",
    "created_at": "2025-12-25 09:33:49"
  },
  {
    "target_id": 110,
    "user_id": 39,
    "team_id": null,
    "time_period": "Jun 2024",
    "target_type": "Deals Closed",
    "target_value": 13,
    "actual_value": 8.283643289388463,
    "start_date": "2024-06-01",
    "end_date": "2024-06-30",
    "created_at": "2025-12-25 09:33:49"
  },
  {
    "target_id": 111,
    "user_id": 39,
    "team_id": null,
    "time_period": "Q1 2024",
    "target_type": "Revenue",
    "target_value": 95342,
    "actual_value": 76255.7930107136,
    "start_date": "2024-01-01",
    "end_date": "2024-03-31",
    "created_at": "2025-12-25 09:33:49"
  },
  {
    "target_id": 112,
    "user_id": 39,
    "team_id": null,
    "time_period": "Jun 2024",
    "target_type": "Deals Closed",
    "target_value": 9,
    "actual_value": 8.196647905995349,
    "start_date": "2024-06-01",
    "end_date": "2024-06-30",
    "created_at": "2025-12-25 09:33:49"
  },
  {
    "target_id": 113,
    "user_id": 40,
    "team_id": null,
    "time_period": "Feb 2024",
    "target_type": "Revenue",
    "target_value": 150544,
    "actual_value": 63191.371655307565,
    "start_date": "2024-02-01",
    "end_date": "2024-02-29",
    "created_at": "2025-12-25 09:33:49"
  },
  {
    "target_id": 114,
    "user_id": 40,
    "team_id": null,
    "time_period": "Q3 2024",
    "target_type": "New Leads",
    "target_value": 17,
    "actual_value": 14.874669885003083,
    "start_date": "2024-07-01",
    "end_date": "2024-09-30",
    "created_at": "2025-12-25 09:33:49"
  },
  {
    "target_id": 115,
    "user_id": 41,
    "team_id": null,
    "time_period": "Mar 2024",
    "target_type": "New Leads",
    "target_value": 17,
    "actual_value": 16.598749667391715,
    "start_date": "2024-03-01",
    "end_date": "2024-03-31",
    "created_at": "2025-12-25 09:33:49"
  },
  {
    "target_id": 116,
    "user_id": 41,
    "team_id": null,
    "time_period": "May 2024",
    "target_type": "Revenue",
    "target_value": 102471,
    "actual_value": 47527.940856049354,
    "start_date": "2024-05-01",
    "end_date": "2024-05-31",
    "created_at": "2025-12-25 09:33:49"
  },
  {
    "target_id": 117,
    "user_id": 41,
    "team_id": null,
    "time_period": "Jun 2024",
    "target_type": "New Leads",
    "target_value": 12,
    "actual_value": 5.767873246943015,
    "start_date": "2024-06-01",
    "end_date": "2024-06-30",
    "created_at": "2025-12-25 09:33:49"
  },
  {
    "target_id": 118,
    "user_id": 42,
    "team_id": null,
    "time_period": "Feb 2024",
    "target_type": "Revenue",
    "target_value": 82672,
    "actual_value": 60335.90345269792,
    "start_date": "2024-02-01",
    "end_date": "2024-02-29",
    "created_at": "2025-12-25 09:33:49"
  },
  {
    "target_id": 119,
    "user_id": 42,
    "team_id": null,
    "time_period": "Apr 2024",
    "target_type": "New Leads",
    "target_value": 23,
    "actual_value": 21.068734179447677,
    "start_date": "2024-04-01",
    "end_date": "2024-04-30",
    "created_at": "2025-12-25 09:33:49"
  },
  {
    "target_id": 120,
    "user_id": 43,
    "team_id": null,
    "time_period": "Feb 2024",
    "target_type": "Revenue",
    "target_value": 74530,
    "actual_value": 40387.25500430387,
    "start_date": "2024-02-01",
    "end_date": "2024-02-29",
    "created_at": "2025-12-25 09:33:49"
  },
  {
    "target_id": 121,
    "user_id": 43,
    "team_id": null,
    "time_period": "May 2024",
    "target_type": "Revenue",
    "target_value": 87602,
    "actual_value": 36954.966865500406,
    "start_date": "2024-05-01",
    "end_date": "2024-05-31",
    "created_at": "2025-12-25 09:33:49"
  },
  {
    "target_id": 122,
    "user_id": 43,
    "team_id": null,
    "time_period": "May 2024",
    "target_type": "Revenue",
    "target_value": 103398,
    "actual_value": 102403.23198893556,
    "start_date": "2024-05-01",
    "end_date": "2024-05-31",
    "created_at": "2025-12-25 09:33:49"
  },
  {
    "target_id": 123,
    "user_id": 43,
    "team_id": null,
    "time_period": "Mar 2024",
    "target_type": "Revenue",
    "target_value": 152737,
    "actual_value": 73880.01016901986,
    "start_date": "2024-03-01",
    "end_date": "2024-03-31",
    "created_at": "2025-12-25 09:33:49"
  },
  {
    "target_id": 124,
    "user_id": 44,
    "team_id": null,
    "time_period": "Q3 2024",
    "target_type": "New Leads",
    "target_value": 18,
    "actual_value": 12.539266975523947,
    "start_date": "2024-07-01",
    "end_date": "2024-09-30",
    "created_at": "2025-12-25 09:33:49"
  },
  {
    "target_id": 125,
    "user_id": 44,
    "team_id": null,
    "time_period": "Feb 2024",
    "target_type": "New Leads",
    "target_value": 19,
    "actual_value": 11.366663608994823,
    "start_date": "2024-02-01",
    "end_date": "2024-02-29",
    "created_at": "2025-12-25 09:33:49"
  },
  {
    "target_id": 126,
    "user_id": 44,
    "team_id": null,
    "time_period": "Jan 2024",
    "target_type": "Revenue",
    "target_value": 180059,
    "actual_value": 111287.69041854152,
    "start_date": "2024-01-01",
    "end_date": "2024-01-31",
    "created_at": "2025-12-25 09:33:49"
  },
  {
    "target_id": 127,
    "user_id": 44,
    "team_id": null,
    "time_period": "May 2024",
    "target_type": "Revenue",
    "target_value": 109303,
    "actual_value": 62044.103212272144,
    "start_date": "2024-05-01",
    "end_date": "2024-05-31",
    "created_at": "2025-12-25 09:33:49"
  },
  {
    "target_id": 128,
    "user_id": 45,
    "team_id": null,
    "time_period": "Apr 2024",
    "target_type": "Revenue",
    "target_value": 89075,
    "actual_value": 81690.34680411381,
    "start_date": "2024-04-01",
    "end_date": "2024-04-30",
    "created_at": "2025-12-25 09:33:49"
  },
  {
    "target_id": 129,
    "user_id": 45,
    "team_id": null,
    "time_period": "Feb 2024",
    "target_type": "Revenue",
    "target_value": 184070,
    "actual_value": 139844.69057014375,
    "start_date": "2024-02-01",
    "end_date": "2024-02-29",
    "created_at": "2025-12-25 09:33:49"
  },
  {
    "target_id": 130,
    "user_id": 45,
    "team_id": null,
    "time_period": "May 2024",
    "target_type": "Revenue",
    "target_value": 182214,
    "actual_value": 168375.05841001146,
    "start_date": "2024-05-01",
    "end_date": "2024-05-31",
    "created_at": "2025-12-25 09:33:49"
  },
  {
    "target_id": 131,
    "user_id": 46,
    "team_id": null,
    "time_period": "Feb 2024",
    "target_type": "Deals Closed",
    "target_value": 18,
    "actual_value": 14.913366816191642,
    "start_date": "2024-02-01",
    "end_date": "2024-02-29",
    "created_at": "2025-12-25 09:33:49"
  },
  {
    "target_id": 132,
    "user_id": 46,
    "team_id": null,
    "time_period": "Jun 2024",
    "target_type": "New Leads",
    "target_value": 18,
    "actual_value": 11.169256675205492,
    "start_date": "2024-06-01",
    "end_date": "2024-06-30",
    "created_at": "2025-12-25 09:33:49"
  },
  {
    "target_id": 133,
    "user_id": 46,
    "team_id": null,
    "time_period": "May 2024",
    "target_type": "New Leads",
    "target_value": 15,
    "actual_value": 7.137734981377305,
    "start_date": "2024-05-01",
    "end_date": "2024-05-31",
    "created_at": "2025-12-25 09:33:49"
  },
  {
    "target_id": 134,
    "user_id": 46,
    "team_id": null,
    "time_period": "Mar 2024",
    "target_type": "Revenue",
    "target_value": 158715,
    "actual_value": 76484.262653122,
    "start_date": "2024-03-01",
    "end_date": "2024-03-31",
    "created_at": "2025-12-25 09:33:49"
  },
  {
    "target_id": 135,
    "user_id": 47,
    "team_id": null,
    "time_period": "Q2 2024",
    "target_type": "New Leads",
    "target_value": 19,
    "actual_value": 15.480373034659161,
    "start_date": "2024-04-01",
    "end_date": "2024-06-30",
    "created_at": "2025-12-25 09:33:49"
  },
  {
    "target_id": 136,
    "user_id": 47,
    "team_id": null,
    "time_period": "Apr 2024",
    "target_type": "New Leads",
    "target_value": 22,
    "actual_value": 15.86153385335249,
    "start_date": "2024-04-01",
    "end_date": "2024-04-30",
    "created_at": "2025-12-25 09:33:49"
  },
  {
    "target_id": 137,
    "user_id": 48,
    "team_id": null,
    "time_period": "Jan 2024",
    "target_type": "New Leads",
    "target_value": 12,
    "actual_value": 8.366964971165958,
    "start_date": "2024-01-01",
    "end_date": "2024-01-31",
    "created_at": "2025-12-25 09:33:49"
  },
  {
    "target_id": 138,
    "user_id": 48,
    "team_id": null,
    "time_period": "Q1 2024",
    "target_type": "Deals Closed",
    "target_value": 15,
    "actual_value": 11.114064178270999,
    "start_date": "2024-01-01",
    "end_date": "2024-03-31",
    "created_at": "2025-12-25 09:33:49"
  },
  {
    "target_id": 139,
    "user_id": 48,
    "team_id": null,
    "time_period": "Jun 2024",
    "target_type": "New Leads",
    "target_value": 21,
    "actual_value": 19.901729535215175,
    "start_date": "2024-06-01",
    "end_date": "2024-06-30",
    "created_at": "2025-12-25 09:33:49"
  },
  {
    "target_id": 140,
    "user_id": 49,
    "team_id": null,
    "time_period": "Apr 2024",
    "target_type": "Deals Closed",
    "target_value": 8,
    "actual_value": 7.9467291132332,
    "start_date": "2024-04-01",
    "end_date": "2024-04-30",
    "created_at": "2025-12-25 09:33:49"
  },
  {
    "target_id": 141,
    "user_id": 49,
    "team_id": null,
    "time_period": "Jan 2024",
    "target_type": "Deals Closed",
    "target_value": 13,
    "actual_value": 9.514634067295626,
    "start_date": "2024-01-01",
    "end_date": "2024-01-31",
    "created_at": "2025-12-25 09:33:49"
  },
  {
    "target_id": 142,
    "user_id": 49,
    "team_id": null,
    "time_period": "Q1 2024",
    "target_type": "New Leads",
    "target_value": 18,
    "actual_value": 12.520981330258389,
    "start_date": "2024-01-01",
    "end_date": "2024-03-31",
    "created_at": "2025-12-25 09:33:49"
  },
  {
    "target_id": 143,
    "user_id": 49,
    "team_id": null,
    "time_period": "Jan 2024",
    "target_type": "Revenue",
    "target_value": 175386,
    "actual_value": 146967.28174964173,
    "start_date": "2024-01-01",
    "end_date": "2024-01-31",
    "created_at": "2025-12-25 09:33:49"
  },
  {
    "target_id": 144,
    "user_id": 50,
    "team_id": null,
    "time_period": "Feb 2024",
    "target_type": "Revenue",
    "target_value": 176394,
    "actual_value": 104854.73561418166,
    "start_date": "2024-02-01",
    "end_date": "2024-02-29",
    "created_at": "2025-12-25 09:33:49"
  },
  {
    "target_id": 145,
    "user_id": 50,
    "team_id": null,
    "time_period": "Apr 2024",
    "target_type": "New Leads",
    "target_value": 14,
    "actual_value": 9.024897960352025,
    "start_date": "2024-04-01",
    "end_date": "2024-04-30",
    "created_at": "2025-12-25 09:33:49"
  },
  {
    "target_id": 146,
    "user_id": 51,
    "team_id": null,
    "time_period": "Q3 2024",
    "target_type": "Revenue",
    "target_value": 311713,
    "actual_value": 308227.0389118398,
    "start_date": "2024-07-01",
    "end_date": "2024-09-30",
    "created_at": "2025-12-25 09:33:49"
  },
  {
    "target_id": 147,
    "user_id": 51,
    "team_id": null,
    "time_period": "Mar 2024",
    "target_type": "Revenue",
    "target_value": 340970,
    "actual_value": 318973.21604395245,
    "start_date": "2024-03-01",
    "end_date": "2024-03-31",
    "created_at": "2025-12-25 09:33:49"
  },
  {
    "target_id": 148,
    "user_id": 52,
    "team_id": null,
    "time_period": "Feb 2024",
    "target_type": "Deals Closed",
    "target_value": 18,
    "actual_value": 9.627672588305453,
    "start_date": "2024-02-01",
    "end_date": "2024-02-29",
    "created_at": "2025-12-25 09:33:49"
  },
  {
    "target_id": 149,
    "user_id": 52,
    "team_id": null,
    "time_period": "Q4 2024",
    "target_type": "Revenue",
    "target_value": 73347,
    "actual_value": 71559.70819344636,
    "start_date": "2024-10-01",
    "end_date": "2024-12-31",
    "created_at": "2025-12-25 09:33:49"
  },
  {
    "target_id": 150,
    "user_id": 52,
    "team_id": null,
    "time_period": "May 2024",
    "target_type": "Revenue",
    "target_value": 153515,
    "actual_value": 131475.99546426107,
    "start_date": "2024-05-01",
    "end_date": "2024-05-31",
    "created_at": "2025-12-25 09:33:49"
  },
  {
    "target_id": 151,
    "user_id": 53,
    "team_id": null,
    "time_period": "Q4 2024",
    "target_type": "Revenue",
    "target_value": 170029,
    "actual_value": 152244.15188651148,
    "start_date": "2024-10-01",
    "end_date": "2024-12-31",
    "created_at": "2025-12-25 09:33:49"
  },
  {
    "target_id": 152,
    "user_id": 53,
    "team_id": null,
    "time_period": "Apr 2024",
    "target_type": "New Leads",
    "target_value": 21,
    "actual_value": 16.51163456373898,
    "start_date": "2024-04-01",
    "end_date": "2024-04-30",
    "created_at": "2025-12-25 09:33:49"
  },
  {
    "target_id": 153,
    "user_id": 54,
    "team_id": null,
    "time_period": "Jan 2024",
    "target_type": "Deals Closed",
    "target_value": 6,
    "actual_value": 4.1640328997930744,
    "start_date": "2024-01-01",
    "end_date": "2024-01-31",
    "created_at": "2025-12-25 09:33:49"
  },
  {
    "target_id": 154,
    "user_id": 54,
    "team_id": null,
    "time_period": "May 2024",
    "target_type": "New Leads",
    "target_value": 27,
    "actual_value": 26.876500676167698,
    "start_date": "2024-05-01",
    "end_date": "2024-05-31",
    "created_at": "2025-12-25 09:33:49"
  },
  {
    "target_id": 155,
    "user_id": 54,
    "team_id": null,
    "time_period": "Jan 2024",
    "target_type": "Revenue",
    "target_value": 113810,
    "actual_value": 97785.73115616298,
    "start_date": "2024-01-01",
    "end_date": "2024-01-31",
    "created_at": "2025-12-25 09:33:49"
  },
  {
    "target_id": 156,
    "user_id": 55,
    "team_id": null,
    "time_period": "Q2 2024",
    "target_type": "New Leads",
    "target_value": 20,
    "actual_value": 15.820481026782724,
    "start_date": "2024-04-01",
    "end_date": "2024-06-30",
    "created_at": "2025-12-25 09:33:49"
  },
  {
    "target_id": 157,
    "user_id": 55,
    "team_id": null,
    "time_period": "Jan 2024",
    "target_type": "Revenue",
    "target_value": 162175,
    "actual_value": 100873.03344110181,
    "start_date": "2024-01-01",
    "end_date": "2024-01-31",
    "created_at": "2025-12-25 09:33:49"
  },
  {
    "target_id": 158,
    "user_id": 55,
    "team_id": null,
    "time_period": "Q1 2024",
    "target_type": "Revenue",
    "target_value": 195272,
    "actual_value": 84803.55993139729,
    "start_date": "2024-01-01",
    "end_date": "2024-03-31",
    "created_at": "2025-12-25 09:33:49"
  },
  {
    "target_id": 159,
    "user_id": 55,
    "team_id": null,
    "time_period": "Q2 2024",
    "target_type": "Revenue",
    "target_value": 136389,
    "actual_value": 114559.62385029277,
    "start_date": "2024-04-01",
    "end_date": "2024-06-30",
    "created_at": "2025-12-25 09:33:49"
  },
  {
    "target_id": 160,
    "user_id": 56,
    "team_id": null,
    "time_period": "Q1 2024",
    "target_type": "New Leads",
    "target_value": 14,
    "actual_value": 7.907597402141675,
    "start_date": "2024-01-01",
    "end_date": "2024-03-31",
    "created_at": "2025-12-25 09:33:49"
  },
  {
    "target_id": 161,
    "user_id": 56,
    "team_id": null,
    "time_period": "Q1 2024",
    "target_type": "Revenue",
    "target_value": 159580,
    "actual_value": 133104.296129605,
    "start_date": "2024-01-01",
    "end_date": "2024-03-31",
    "created_at": "2025-12-25 09:33:49"
  },
  {
    "target_id": 162,
    "user_id": 56,
    "team_id": null,
    "time_period": "Mar 2024",
    "target_type": "Deals Closed",
    "target_value": 18,
    "actual_value": 14.716933357516892,
    "start_date": "2024-03-01",
    "end_date": "2024-03-31",
    "created_at": "2025-12-25 09:33:49"
  },
  {
    "target_id": 163,
    "user_id": 57,
    "team_id": null,
    "time_period": "Q2 2024",
    "target_type": "Revenue",
    "target_value": 172121,
    "actual_value": 79017.9656846048,
    "start_date": "2024-04-01",
    "end_date": "2024-06-30",
    "created_at": "2025-12-25 09:33:49"
  },
  {
    "target_id": 164,
    "user_id": 57,
    "team_id": null,
    "time_period": "Jun 2024",
    "target_type": "New Leads",
    "target_value": 37,
    "actual_value": 21.683766613245623,
    "start_date": "2024-06-01",
    "end_date": "2024-06-30",
    "created_at": "2025-12-25 09:33:49"
  },
  {
    "target_id": 165,
    "user_id": 58,
    "team_id": null,
    "time_period": "Apr 2024",
    "target_type": "New Leads",
    "target_value": 24,
    "actual_value": 14.239807216737724,
    "start_date": "2024-04-01",
    "end_date": "2024-04-30",
    "created_at": "2025-12-25 09:33:49"
  },
  {
    "target_id": 166,
    "user_id": 58,
    "team_id": null,
    "time_period": "Jan 2024",
    "target_type": "Deals Closed",
    "target_value": 12,
    "actual_value": 8.059967947447834,
    "start_date": "2024-01-01",
    "end_date": "2024-01-31",
    "created_at": "2025-12-25 09:33:49"
  },
  {
    "target_id": 167,
    "user_id": 58,
    "team_id": null,
    "time_period": "Q2 2024",
    "target_type": "New Leads",
    "target_value": 19,
    "actual_value": 15.967750976768057,
    "start_date": "2024-04-01",
    "end_date": "2024-06-30",
    "created_at": "2025-12-25 09:33:49"
  },
  {
    "target_id": 168,
    "user_id": 59,
    "team_id": null,
    "time_period": "Mar 2024",
    "target_type": "Revenue",
    "target_value": 123985,
    "actual_value": 119342.7570946154,
    "start_date": "2024-03-01",
    "end_date": "2024-03-31",
    "created_at": "2025-12-25 09:33:49"
  },
  {
    "target_id": 169,
    "user_id": 59,
    "team_id": null,
    "time_period": "Q4 2024",
    "target_type": "Deals Closed",
    "target_value": 14,
    "actual_value": 9.700030890046467,
    "start_date": "2024-10-01",
    "end_date": "2024-12-31",
    "created_at": "2025-12-25 09:33:49"
  },
  {
    "target_id": 170,
    "user_id": 59,
    "team_id": null,
    "time_period": "Apr 2024",
    "target_type": "New Leads",
    "target_value": 19,
    "actual_value": 18.73766221853992,
    "start_date": "2024-04-01",
    "end_date": "2024-04-30",
    "created_at": "2025-12-25 09:33:49"
  },
  {
    "target_id": 171,
    "user_id": 59,
    "team_id": null,
    "time_period": "Jun 2024",
    "target_type": "Deals Closed",
    "target_value": 17,
    "actual_value": 12.193503307241714,
    "start_date": "2024-06-01",
    "end_date": "2024-06-30",
    "created_at": "2025-12-25 09:33:49"
  },
  {
    "target_id": 172,
    "user_id": 60,
    "team_id": null,
    "time_period": "Feb 2024",
    "target_type": "Deals Closed",
    "target_value": 11,
    "actual_value": 7.278501455190341,
    "start_date": "2024-02-01",
    "end_date": "2024-02-29",
    "created_at": "2025-12-25 09:33:49"
  },
  {
    "target_id": 173,
    "user_id": 60,
    "team_id": null,
    "time_period": "Q2 2024",
    "target_type": "Deals Closed",
    "target_value": 19,
    "actual_value": 18.233379526851138,
    "start_date": "2024-04-01",
    "end_date": "2024-06-30",
    "created_at": "2025-12-25 09:33:49"
  },
  {
    "target_id": 174,
    "user_id": 60,
    "team_id": null,
    "time_period": "Jun 2024",
    "target_type": "Revenue",
    "target_value": 109005,
    "actual_value": 46475.067252628316,
    "start_date": "2024-06-01",
    "end_date": "2024-06-30",
    "created_at": "2025-12-25 09:33:49"
  },
  {
    "target_id": 175,
    "user_id": 60,
    "team_id": null,
    "time_period": "Jan 2024",
    "target_type": "Revenue",
    "target_value": 170067,
    "actual_value": 128681.3902871249,
    "start_date": "2024-01-01",
    "end_date": "2024-01-31",
    "created_at": "2025-12-25 09:33:49"
  },
  {
    "target_id": 176,
    "user_id": 61,
    "team_id": null,
    "time_period": "Jun 2024",
    "target_type": "New Leads",
    "target_value": 20,
    "actual_value": 15.793050659522692,
    "start_date": "2024-06-01",
    "end_date": "2024-06-30",
    "created_at": "2025-12-25 09:33:49"
  },
  {
    "target_id": 177,
    "user_id": 61,
    "team_id": null,
    "time_period": "Mar 2024",
    "target_type": "Revenue",
    "target_value": 79129,
    "actual_value": 42251.588810752066,
    "start_date": "2024-03-01",
    "end_date": "2024-03-31",
    "created_at": "2025-12-25 09:33:49"
  },
  {
    "target_id": 178,
    "user_id": 61,
    "team_id": null,
    "time_period": "Q4 2024",
    "target_type": "Revenue",
    "target_value": 53442,
    "actual_value": 46697.959209033244,
    "start_date": "2024-10-01",
    "end_date": "2024-12-31",
    "created_at": "2025-12-25 09:33:49"
  },
  {
    "target_id": 179,
    "user_id": 62,
    "team_id": null,
    "time_period": "Q2 2024",
    "target_type": "New Leads",
    "target_value": 21,
    "actual_value": 20.2537131063994,
    "start_date": "2024-04-01",
    "end_date": "2024-06-30",
    "created_at": "2025-12-25 09:33:49"
  },
  {
    "target_id": 180,
    "user_id": 62,
    "team_id": null,
    "time_period": "Q2 2024",
    "target_type": "New Leads",
    "target_value": 30,
    "actual_value": 17.149669246672655,
    "start_date": "2024-04-01",
    "end_date": "2024-06-30",
    "created_at": "2025-12-25 09:33:49"
  },
  {
    "target_id": 181,
    "user_id": 62,
    "team_id": null,
    "time_period": "Apr 2024",
    "target_type": "Deals Closed",
    "target_value": 13,
    "actual_value": 6.434422452427349,
    "start_date": "2024-04-01",
    "end_date": "2024-04-30",
    "created_at": "2025-12-25 09:33:49"
  },
  {
    "target_id": 182,
    "user_id": 62,
    "team_id": null,
    "time_period": "Apr 2024",
    "target_type": "Revenue",
    "target_value": 71511,
    "actual_value": 43160.33144522276,
    "start_date": "2024-04-01",
    "end_date": "2024-04-30",
    "created_at": "2025-12-25 09:33:49"
  },
  {
    "target_id": 183,
    "user_id": 63,
    "team_id": null,
    "time_period": "Apr 2024",
    "target_type": "Revenue",
    "target_value": 122174,
    "actual_value": 96420.22874797355,
    "start_date": "2024-04-01",
    "end_date": "2024-04-30",
    "created_at": "2025-12-25 09:33:49"
  },
  {
    "target_id": 184,
    "user_id": 63,
    "team_id": null,
    "time_period": "Feb 2024",
    "target_type": "Revenue",
    "target_value": 155485,
    "actual_value": 104946.17175329139,
    "start_date": "2024-02-01",
    "end_date": "2024-02-29",
    "created_at": "2025-12-25 09:33:49"
  },
  {
    "target_id": 185,
    "user_id": 63,
    "team_id": null,
    "time_period": "Jan 2024",
    "target_type": "Deals Closed",
    "target_value": 11,
    "actual_value": 4.58281232463276,
    "start_date": "2024-01-01",
    "end_date": "2024-01-31",
    "created_at": "2025-12-25 09:33:49"
  },
  {
    "target_id": 186,
    "user_id": 63,
    "team_id": null,
    "time_period": "Q3 2024",
    "target_type": "Revenue",
    "target_value": 139760,
    "actual_value": 98582.08262745464,
    "start_date": "2024-07-01",
    "end_date": "2024-09-30",
    "created_at": "2025-12-25 09:33:49"
  },
  {
    "target_id": 187,
    "user_id": 64,
    "team_id": null,
    "time_period": "Jun 2024",
    "target_type": "Revenue",
    "target_value": 579597,
    "actual_value": 420076.45327143156,
    "start_date": "2024-06-01",
    "end_date": "2024-06-30",
    "created_at": "2025-12-25 09:33:49"
  },
  {
    "target_id": 188,
    "user_id": 64,
    "team_id": null,
    "time_period": "Q2 2024",
    "target_type": "New Leads",
    "target_value": 20,
    "actual_value": 10.953347363821829,
    "start_date": "2024-04-01",
    "end_date": "2024-06-30",
    "created_at": "2025-12-25 09:33:49"
  },
  {
    "target_id": 189,
    "user_id": 64,
    "team_id": null,
    "time_period": "Q3 2024",
    "target_type": "New Leads",
    "target_value": 35,
    "actual_value": 34.091358279244524,
    "start_date": "2024-07-01",
    "end_date": "2024-09-30",
    "created_at": "2025-12-25 09:33:49"
  },
  {
    "target_id": 190,
    "user_id": 64,
    "team_id": null,
    "time_period": "Mar 2024",
    "target_type": "Revenue",
    "target_value": 264551,
    "actual_value": 179612.36383216054,
    "start_date": "2024-03-01",
    "end_date": "2024-03-31",
    "created_at": "2025-12-25 09:33:49"
  },
  {
    "target_id": 191,
    "user_id": 65,
    "team_id": null,
    "time_period": "Apr 2024",
    "target_type": "New Leads",
    "target_value": 33,
    "actual_value": 14.80339158816212,
    "start_date": "2024-04-01",
    "end_date": "2024-04-30",
    "created_at": "2025-12-25 09:33:49"
  },
  {
    "target_id": 192,
    "user_id": 65,
    "team_id": null,
    "time_period": "Jan 2024",
    "target_type": "Deals Closed",
    "target_value": 7,
    "actual_value": 4.860409909289565,
    "start_date": "2024-01-01",
    "end_date": "2024-01-31",
    "created_at": "2025-12-25 09:33:49"
  },
  {
    "target_id": 193,
    "user_id": 66,
    "team_id": null,
    "time_period": "Q2 2024",
    "target_type": "Deals Closed",
    "target_value": 14,
    "actual_value": 10.163532155848188,
    "start_date": "2024-04-01",
    "end_date": "2024-06-30",
    "created_at": "2025-12-25 09:33:49"
  },
  {
    "target_id": 194,
    "user_id": 66,
    "team_id": null,
    "time_period": "Mar 2024",
    "target_type": "New Leads",
    "target_value": 23,
    "actual_value": 13.663029967996234,
    "start_date": "2024-03-01",
    "end_date": "2024-03-31",
    "created_at": "2025-12-25 09:33:49"
  },
  {
    "target_id": 195,
    "user_id": 66,
    "team_id": null,
    "time_period": "Feb 2024",
    "target_type": "New Leads",
    "target_value": 22,
    "actual_value": 11.566418044247982,
    "start_date": "2024-02-01",
    "end_date": "2024-02-29",
    "created_at": "2025-12-25 09:33:49"
  },
  {
    "target_id": 196,
    "user_id": 67,
    "team_id": null,
    "time_period": "May 2024",
    "target_type": "Deals Closed",
    "target_value": 15,
    "actual_value": 12.419631209498373,
    "start_date": "2024-05-01",
    "end_date": "2024-05-31",
    "created_at": "2025-12-25 09:33:49"
  },
  {
    "target_id": 197,
    "user_id": 67,
    "team_id": null,
    "time_period": "Q1 2024",
    "target_type": "Revenue",
    "target_value": 81649,
    "actual_value": 36236.98097577636,
    "start_date": "2024-01-01",
    "end_date": "2024-03-31",
    "created_at": "2025-12-25 09:33:49"
  },
  {
    "target_id": 198,
    "user_id": 68,
    "team_id": null,
    "time_period": "Q2 2024",
    "target_type": "Revenue",
    "target_value": 97943,
    "actual_value": 52119.676250569275,
    "start_date": "2024-04-01",
    "end_date": "2024-06-30",
    "created_at": "2025-12-25 09:33:49"
  },
  {
    "target_id": 199,
    "user_id": 68,
    "team_id": null,
    "time_period": "Q3 2024",
    "target_type": "Deals Closed",
    "target_value": 12,
    "actual_value": 11.388405407001517,
    "start_date": "2024-07-01",
    "end_date": "2024-09-30",
    "created_at": "2025-12-25 09:33:49"
  },
  {
    "target_id": 200,
    "user_id": 68,
    "team_id": null,
    "time_period": "May 2024",
    "target_type": "Deals Closed",
    "target_value": 18,
    "actual_value": 14.111425968078747,
    "start_date": "2024-05-01",
    "end_date": "2024-05-31",
    "created_at": "2025-12-25 09:33:49"
  },
  {
    "target_id": 201,
    "user_id": 68,
    "team_id": null,
    "time_period": "May 2024",
    "target_type": "Revenue",
    "target_value": 75812,
    "actual_value": 39471.97491325885,
    "start_date": "2024-05-01",
    "end_date": "2024-05-31",
    "created_at": "2025-12-25 09:33:49"
  },
  {
    "target_id": 202,
    "user_id": 69,
    "team_id": null,
    "time_period": "Q2 2024",
    "target_type": "Deals Closed",
    "target_value": 12,
    "actual_value": 7.183349761113966,
    "start_date": "2024-04-01",
    "end_date": "2024-06-30",
    "created_at": "2025-12-25 09:33:49"
  },
  {
    "target_id": 203,
    "user_id": 69,
    "team_id": null,
    "time_period": "May 2024",
    "target_type": "New Leads",
    "target_value": 32,
    "actual_value": 13.991833370846132,
    "start_date": "2024-05-01",
    "end_date": "2024-05-31",
    "created_at": "2025-12-25 09:33:49"
  },
  {
    "target_id": 204,
    "user_id": 69,
    "team_id": null,
    "time_period": "Mar 2024",
    "target_type": "Revenue",
    "target_value": 133845,
    "actual_value": 86713.63820575137,
    "start_date": "2024-03-01",
    "end_date": "2024-03-31",
    "created_at": "2025-12-25 09:33:49"
  },
  {
    "target_id": 205,
    "user_id": 70,
    "team_id": null,
    "time_period": "Q4 2024",
    "target_type": "New Leads",
    "target_value": 15,
    "actual_value": 11.929144384123076,
    "start_date": "2024-10-01",
    "end_date": "2024-12-31",
    "created_at": "2025-12-25 09:33:49"
  },
  {
    "target_id": 206,
    "user_id": 70,
    "team_id": null,
    "time_period": "May 2024",
    "target_type": "Revenue",
    "target_value": 188615,
    "actual_value": 139823.90908512744,
    "start_date": "2024-05-01",
    "end_date": "2024-05-31",
    "created_at": "2025-12-25 09:33:49"
  },
  {
    "target_id": 207,
    "user_id": 70,
    "team_id": null,
    "time_period": "Q4 2024",
    "target_type": "Revenue",
    "target_value": 171145,
    "actual_value": 106373.68111198097,
    "start_date": "2024-10-01",
    "end_date": "2024-12-31",
    "created_at": "2025-12-25 09:33:49"
  },
  {
    "target_id": 208,
    "user_id": 71,
    "team_id": null,
    "time_period": "Jun 2024",
    "target_type": "New Leads",
    "target_value": 30,
    "actual_value": 22.461702487275556,
    "start_date": "2024-06-01",
    "end_date": "2024-06-30",
    "created_at": "2025-12-25 09:33:49"
  },
  {
    "target_id": 209,
    "user_id": 71,
    "team_id": null,
    "time_period": "Jun 2024",
    "target_type": "Revenue",
    "target_value": 85962,
    "actual_value": 74311.98743701918,
    "start_date": "2024-06-01",
    "end_date": "2024-06-30",
    "created_at": "2025-12-25 09:33:49"
  },
  {
    "target_id": 210,
    "user_id": 71,
    "team_id": null,
    "time_period": "Jan 2024",
    "target_type": "Deals Closed",
    "target_value": 18,
    "actual_value": 9.555393186018085,
    "start_date": "2024-01-01",
    "end_date": "2024-01-31",
    "created_at": "2025-12-25 09:33:49"
  },
  {
    "target_id": 211,
    "user_id": 71,
    "team_id": null,
    "time_period": "Mar 2024",
    "target_type": "Deals Closed",
    "target_value": 19,
    "actual_value": 15.291361841444338,
    "start_date": "2024-03-01",
    "end_date": "2024-03-31",
    "created_at": "2025-12-25 09:33:49"
  },
  {
    "target_id": 212,
    "user_id": 72,
    "team_id": null,
    "time_period": "Q3 2024",
    "target_type": "Revenue",
    "target_value": 133541,
    "actual_value": 98695.10066675137,
    "start_date": "2024-07-01",
    "end_date": "2024-09-30",
    "created_at": "2025-12-25 09:33:49"
  },
  {
    "target_id": 213,
    "user_id": 72,
    "team_id": null,
    "time_period": "May 2024",
    "target_type": "New Leads",
    "target_value": 31,
    "actual_value": 15.446018909372256,
    "start_date": "2024-05-01",
    "end_date": "2024-05-31",
    "created_at": "2025-12-25 09:33:49"
  },
  {
    "target_id": 214,
    "user_id": 72,
    "team_id": null,
    "time_period": "Q1 2024",
    "target_type": "New Leads",
    "target_value": 10,
    "actual_value": 9.02725635240302,
    "start_date": "2024-01-01",
    "end_date": "2024-03-31",
    "created_at": "2025-12-25 09:33:49"
  },
  {
    "target_id": 215,
    "user_id": 73,
    "team_id": null,
    "time_period": "Q1 2024",
    "target_type": "Deals Closed",
    "target_value": 19,
    "actual_value": 12.424280194761584,
    "start_date": "2024-01-01",
    "end_date": "2024-03-31",
    "created_at": "2025-12-25 09:33:49"
  },
  {
    "target_id": 216,
    "user_id": 73,
    "team_id": null,
    "time_period": "Jun 2024",
    "target_type": "Revenue",
    "target_value": 94066,
    "actual_value": 51256.30547792771,
    "start_date": "2024-06-01",
    "end_date": "2024-06-30",
    "created_at": "2025-12-25 09:33:49"
  },
  {
    "target_id": 217,
    "user_id": 73,
    "team_id": null,
    "time_period": "Apr 2024",
    "target_type": "Deals Closed",
    "target_value": 19,
    "actual_value": 9.157920247113278,
    "start_date": "2024-04-01",
    "end_date": "2024-04-30",
    "created_at": "2025-12-25 09:33:49"
  },
  {
    "target_id": 218,
    "user_id": 73,
    "team_id": null,
    "time_period": "May 2024",
    "target_type": "Revenue",
    "target_value": 83935,
    "actual_value": 51591.02127586887,
    "start_date": "2024-05-01",
    "end_date": "2024-05-31",
    "created_at": "2025-12-25 09:33:49"
  },
  {
    "target_id": 219,
    "user_id": 74,
    "team_id": null,
    "time_period": "Apr 2024",
    "target_type": "Revenue",
    "target_value": 194422,
    "actual_value": 142563.9803492977,
    "start_date": "2024-04-01",
    "end_date": "2024-04-30",
    "created_at": "2025-12-25 09:33:49"
  },
  {
    "target_id": 220,
    "user_id": 74,
    "team_id": null,
    "time_period": "Mar 2024",
    "target_type": "Deals Closed",
    "target_value": 16,
    "actual_value": 13.004349691494745,
    "start_date": "2024-03-01",
    "end_date": "2024-03-31",
    "created_at": "2025-12-25 09:33:49"
  },
  {
    "target_id": 221,
    "user_id": 74,
    "team_id": null,
    "time_period": "Q2 2024",
    "target_type": "Revenue",
    "target_value": 53409,
    "actual_value": 42927.47719570383,
    "start_date": "2024-04-01",
    "end_date": "2024-06-30",
    "created_at": "2025-12-25 09:33:49"
  },
  {
    "target_id": 222,
    "user_id": 74,
    "team_id": null,
    "time_period": "Feb 2024",
    "target_type": "Revenue",
    "target_value": 151364,
    "actual_value": 87401.90122831857,
    "start_date": "2024-02-01",
    "end_date": "2024-02-29",
    "created_at": "2025-12-25 09:33:49"
  },
  {
    "target_id": 223,
    "user_id": 75,
    "team_id": null,
    "time_period": "Feb 2024",
    "target_type": "Deals Closed",
    "target_value": 17,
    "actual_value": 9.536179480541369,
    "start_date": "2024-02-01",
    "end_date": "2024-02-29",
    "created_at": "2025-12-25 09:33:49"
  },
  {
    "target_id": 224,
    "user_id": 75,
    "team_id": null,
    "time_period": "May 2024",
    "target_type": "Revenue",
    "target_value": 99087,
    "actual_value": 71870.07366161497,
    "start_date": "2024-05-01",
    "end_date": "2024-05-31",
    "created_at": "2025-12-25 09:33:49"
  },
  {
    "target_id": 225,
    "user_id": 75,
    "team_id": null,
    "time_period": "Q1 2024",
    "target_type": "New Leads",
    "target_value": 14,
    "actual_value": 10.383119416974871,
    "start_date": "2024-01-01",
    "end_date": "2024-03-31",
    "created_at": "2025-12-25 09:33:49"
  },
  {
    "target_id": 226,
    "user_id": 75,
    "team_id": null,
    "time_period": "Jan 2024",
    "target_type": "Deals Closed",
    "target_value": 14,
    "actual_value": 7.4404130529172505,
    "start_date": "2024-01-01",
    "end_date": "2024-01-31",
    "created_at": "2025-12-25 09:33:49"
  },
  {
    "target_id": 227,
    "user_id": 76,
    "team_id": null,
    "time_period": "Q1 2024",
    "target_type": "Revenue",
    "target_value": 101111,
    "actual_value": 84400.06844716876,
    "start_date": "2024-01-01",
    "end_date": "2024-03-31",
    "created_at": "2025-12-25 09:33:49"
  },
  {
    "target_id": 228,
    "user_id": 76,
    "team_id": null,
    "time_period": "Q3 2024",
    "target_type": "Deals Closed",
    "target_value": 5,
    "actual_value": 4.340060368884936,
    "start_date": "2024-07-01",
    "end_date": "2024-09-30",
    "created_at": "2025-12-25 09:33:49"
  },
  {
    "target_id": 229,
    "user_id": 76,
    "team_id": null,
    "time_period": "Jun 2024",
    "target_type": "New Leads",
    "target_value": 19,
    "actual_value": 9.201531697999426,
    "start_date": "2024-06-01",
    "end_date": "2024-06-30",
    "created_at": "2025-12-25 09:33:49"
  },
  {
    "target_id": 230,
    "user_id": 77,
    "team_id": null,
    "time_period": "Q4 2024",
    "target_type": "New Leads",
    "target_value": 13,
    "actual_value": 12.250840344986198,
    "start_date": "2024-10-01",
    "end_date": "2024-12-31",
    "created_at": "2025-12-25 09:33:49"
  },
  {
    "target_id": 231,
    "user_id": 77,
    "team_id": null,
    "time_period": "Q1 2024",
    "target_type": "Revenue",
    "target_value": 78483,
    "actual_value": 40682.57774399845,
    "start_date": "2024-01-01",
    "end_date": "2024-03-31",
    "created_at": "2025-12-25 09:33:49"
  },
  {
    "target_id": 232,
    "user_id": 78,
    "team_id": null,
    "time_period": "May 2024",
    "target_type": "Revenue",
    "target_value": 73573,
    "actual_value": 35964.96233666303,
    "start_date": "2024-05-01",
    "end_date": "2024-05-31",
    "created_at": "2025-12-25 09:33:49"
  },
  {
    "target_id": 233,
    "user_id": 78,
    "team_id": null,
    "time_period": "Q1 2024",
    "target_type": "New Leads",
    "target_value": 12,
    "actual_value": 11.444260195469191,
    "start_date": "2024-01-01",
    "end_date": "2024-03-31",
    "created_at": "2025-12-25 09:33:49"
  },
  {
    "target_id": 234,
    "user_id": 78,
    "team_id": null,
    "time_period": "Q1 2024",
    "target_type": "Deals Closed",
    "target_value": 11,
    "actual_value": 7.438875729344229,
    "start_date": "2024-01-01",
    "end_date": "2024-03-31",
    "created_at": "2025-12-25 09:33:49"
  },
  {
    "target_id": 235,
    "user_id": 79,
    "team_id": null,
    "time_period": "Feb 2024",
    "target_type": "Deals Closed",
    "target_value": 7,
    "actual_value": 4.455348064475359,
    "start_date": "2024-02-01",
    "end_date": "2024-02-29",
    "created_at": "2025-12-25 09:33:49"
  },
  {
    "target_id": 236,
    "user_id": 79,
    "team_id": null,
    "time_period": "Apr 2024",
    "target_type": "Deals Closed",
    "target_value": 10,
    "actual_value": 8.735802758313888,
    "start_date": "2024-04-01",
    "end_date": "2024-04-30",
    "created_at": "2025-12-25 09:33:49"
  },
  {
    "target_id": 237,
    "user_id": 79,
    "team_id": null,
    "time_period": "Q1 2024",
    "target_type": "Deals Closed",
    "target_value": 11,
    "actual_value": 8.111263495267021,
    "start_date": "2024-01-01",
    "end_date": "2024-03-31",
    "created_at": "2025-12-25 09:33:49"
  },
  {
    "target_id": 238,
    "user_id": 80,
    "team_id": null,
    "time_period": "Mar 2024",
    "target_type": "Revenue",
    "target_value": 173350,
    "actual_value": 162353.93807786852,
    "start_date": "2024-03-01",
    "end_date": "2024-03-31",
    "created_at": "2025-12-25 09:33:49"
  },
  {
    "target_id": 239,
    "user_id": 80,
    "team_id": null,
    "time_period": "Q2 2024",
    "target_type": "Revenue",
    "target_value": 149502,
    "actual_value": 106932.89173721454,
    "start_date": "2024-04-01",
    "end_date": "2024-06-30",
    "created_at": "2025-12-25 09:33:49"
  },
  {
    "target_id": 240,
    "user_id": 81,
    "team_id": null,
    "time_period": "Jun 2024",
    "target_type": "Revenue",
    "target_value": 111791,
    "actual_value": 77404.37115208515,
    "start_date": "2024-06-01",
    "end_date": "2024-06-30",
    "created_at": "2025-12-25 09:33:49"
  },
  {
    "target_id": 241,
    "user_id": 81,
    "team_id": null,
    "time_period": "Q3 2024",
    "target_type": "New Leads",
    "target_value": 34,
    "actual_value": 27.20015999177518,
    "start_date": "2024-07-01",
    "end_date": "2024-09-30",
    "created_at": "2025-12-25 09:33:49"
  },
  {
    "target_id": 242,
    "user_id": 81,
    "team_id": null,
    "time_period": "Q2 2024",
    "target_type": "New Leads",
    "target_value": 27,
    "actual_value": 25.61584875068781,
    "start_date": "2024-04-01",
    "end_date": "2024-06-30",
    "created_at": "2025-12-25 09:33:49"
  },
  {
    "target_id": 243,
    "user_id": 81,
    "team_id": null,
    "time_period": "Q2 2024",
    "target_type": "Revenue",
    "target_value": 73770,
    "actual_value": 33622.494967498074,
    "start_date": "2024-04-01",
    "end_date": "2024-06-30",
    "created_at": "2025-12-25 09:33:49"
  },
  {
    "target_id": 244,
    "user_id": 82,
    "team_id": null,
    "time_period": "May 2024",
    "target_type": "New Leads",
    "target_value": 38,
    "actual_value": 21.04451045250167,
    "start_date": "2024-05-01",
    "end_date": "2024-05-31",
    "created_at": "2025-12-25 09:33:49"
  },
  {
    "target_id": 245,
    "user_id": 82,
    "team_id": null,
    "time_period": "Q2 2024",
    "target_type": "Revenue",
    "target_value": 115372,
    "actual_value": 61261.39083069412,
    "start_date": "2024-04-01",
    "end_date": "2024-06-30",
    "created_at": "2025-12-25 09:33:49"
  },
  {
    "target_id": 246,
    "user_id": 82,
    "team_id": null,
    "time_period": "Feb 2024",
    "target_type": "Deals Closed",
    "target_value": 15,
    "actual_value": 9.317139499153248,
    "start_date": "2024-02-01",
    "end_date": "2024-02-29",
    "created_at": "2025-12-25 09:33:49"
  },
  {
    "target_id": 247,
    "user_id": 83,
    "team_id": null,
    "time_period": "Q3 2024",
    "target_type": "Deals Closed",
    "target_value": 5,
    "actual_value": 3.7130279451213264,
    "start_date": "2024-07-01",
    "end_date": "2024-09-30",
    "created_at": "2025-12-25 09:33:49"
  },
  {
    "target_id": 248,
    "user_id": 83,
    "team_id": null,
    "time_period": "Q2 2024",
    "target_type": "Revenue",
    "target_value": 439424,
    "actual_value": 216259.0362154742,
    "start_date": "2024-04-01",
    "end_date": "2024-06-30",
    "created_at": "2025-12-25 09:33:49"
  },
  {
    "target_id": 249,
    "user_id": 84,
    "team_id": null,
    "time_period": "Mar 2024",
    "target_type": "Deals Closed",
    "target_value": 6,
    "actual_value": 4.731390141362265,
    "start_date": "2024-03-01",
    "end_date": "2024-03-31",
    "created_at": "2025-12-25 09:33:49"
  },
  {
    "target_id": 250,
    "user_id": 84,
    "team_id": null,
    "time_period": "Jun 2024",
    "target_type": "Deals Closed",
    "target_value": 14,
    "actual_value": 11.160744894933131,
    "start_date": "2024-06-01",
    "end_date": "2024-06-30",
    "created_at": "2025-12-25 09:33:49"
  },
  {
    "target_id": 251,
    "user_id": 85,
    "team_id": null,
    "time_period": "Q1 2024",
    "target_type": "Deals Closed",
    "target_value": 7,
    "actual_value": 4.942414459730982,
    "start_date": "2024-01-01",
    "end_date": "2024-03-31",
    "created_at": "2025-12-25 09:33:49"
  },
  {
    "target_id": 252,
    "user_id": 85,
    "team_id": null,
    "time_period": "Mar 2024",
    "target_type": "Revenue",
    "target_value": 168009,
    "actual_value": 97765.72470987208,
    "start_date": "2024-03-01",
    "end_date": "2024-03-31",
    "created_at": "2025-12-25 09:33:49"
  },
  {
    "target_id": 253,
    "user_id": 86,
    "team_id": null,
    "time_period": "Jun 2024",
    "target_type": "Revenue",
    "target_value": 175886,
    "actual_value": 145325.53564452904,
    "start_date": "2024-06-01",
    "end_date": "2024-06-30",
    "created_at": "2025-12-25 09:33:49"
  },
  {
    "target_id": 254,
    "user_id": 86,
    "team_id": null,
    "time_period": "Apr 2024",
    "target_type": "New Leads",
    "target_value": 22,
    "actual_value": 9.12174444399726,
    "start_date": "2024-04-01",
    "end_date": "2024-04-30",
    "created_at": "2025-12-25 09:33:49"
  },
  {
    "target_id": 255,
    "user_id": 87,
    "team_id": null,
    "time_period": "Q4 2024",
    "target_type": "Revenue",
    "target_value": 167846,
    "actual_value": 79901.15180753892,
    "start_date": "2024-10-01",
    "end_date": "2024-12-31",
    "created_at": "2025-12-25 09:33:49"
  },
  {
    "target_id": 256,
    "user_id": 87,
    "team_id": null,
    "time_period": "Feb 2024",
    "target_type": "New Leads",
    "target_value": 20,
    "actual_value": 17.93378008057317,
    "start_date": "2024-02-01",
    "end_date": "2024-02-29",
    "created_at": "2025-12-25 09:33:49"
  },
  {
    "target_id": 257,
    "user_id": 87,
    "team_id": null,
    "time_period": "Q1 2024",
    "target_type": "Deals Closed",
    "target_value": 7,
    "actual_value": 4.494190353954108,
    "start_date": "2024-01-01",
    "end_date": "2024-03-31",
    "created_at": "2025-12-25 09:33:49"
  },
  {
    "target_id": 258,
    "user_id": 87,
    "team_id": null,
    "time_period": "Jun 2024",
    "target_type": "Revenue",
    "target_value": 178085,
    "actual_value": 126980.65931286859,
    "start_date": "2024-06-01",
    "end_date": "2024-06-30",
    "created_at": "2025-12-25 09:33:49"
  },
  {
    "target_id": 259,
    "user_id": 88,
    "team_id": null,
    "time_period": "Jun 2024",
    "target_type": "Deals Closed",
    "target_value": 11,
    "actual_value": 9.462183078365499,
    "start_date": "2024-06-01",
    "end_date": "2024-06-30",
    "created_at": "2025-12-25 09:33:49"
  },
  {
    "target_id": 260,
    "user_id": 88,
    "team_id": null,
    "time_period": "Apr 2024",
    "target_type": "Deals Closed",
    "target_value": 19,
    "actual_value": 17.557518999201438,
    "start_date": "2024-04-01",
    "end_date": "2024-04-30",
    "created_at": "2025-12-25 09:33:49"
  },
  {
    "target_id": 261,
    "user_id": 88,
    "team_id": null,
    "time_period": "Feb 2024",
    "target_type": "New Leads",
    "target_value": 11,
    "actual_value": 9.461427379527214,
    "start_date": "2024-02-01",
    "end_date": "2024-02-29",
    "created_at": "2025-12-25 09:33:49"
  },
  {
    "target_id": 262,
    "user_id": 89,
    "team_id": null,
    "time_period": "Jan 2024",
    "target_type": "Deals Closed",
    "target_value": 18,
    "actual_value": 7.561247005453344,
    "start_date": "2024-01-01",
    "end_date": "2024-01-31",
    "created_at": "2025-12-25 09:33:49"
  },
  {
    "target_id": 263,
    "user_id": 89,
    "team_id": null,
    "time_period": "Feb 2024",
    "target_type": "Deals Closed",
    "target_value": 5,
    "actual_value": 3.330753854413022,
    "start_date": "2024-02-01",
    "end_date": "2024-02-29",
    "created_at": "2025-12-25 09:33:49"
  },
  {
    "target_id": 264,
    "user_id": 89,
    "team_id": null,
    "time_period": "Q3 2024",
    "target_type": "Revenue",
    "target_value": 96162,
    "actual_value": 43237.565746700544,
    "start_date": "2024-07-01",
    "end_date": "2024-09-30",
    "created_at": "2025-12-25 09:33:49"
  },
  {
    "target_id": 265,
    "user_id": 89,
    "team_id": null,
    "time_period": "Q2 2024",
    "target_type": "Revenue",
    "target_value": 143666,
    "actual_value": 101073.8411609442,
    "start_date": "2024-04-01",
    "end_date": "2024-06-30",
    "created_at": "2025-12-25 09:33:49"
  },
  {
    "target_id": 266,
    "user_id": 90,
    "team_id": null,
    "time_period": "Mar 2024",
    "target_type": "Revenue",
    "target_value": 69295,
    "actual_value": 28348.671620151203,
    "start_date": "2024-03-01",
    "end_date": "2024-03-31",
    "created_at": "2025-12-25 09:33:49"
  },
  {
    "target_id": 267,
    "user_id": 90,
    "team_id": null,
    "time_period": "Jan 2024",
    "target_type": "Deals Closed",
    "target_value": 15,
    "actual_value": 8.447498494100762,
    "start_date": "2024-01-01",
    "end_date": "2024-01-31",
    "created_at": "2025-12-25 09:33:49"
  },
  {
    "target_id": 268,
    "user_id": 91,
    "team_id": null,
    "time_period": "Jun 2024",
    "target_type": "Deals Closed",
    "target_value": 15,
    "actual_value": 8.12421740974193,
    "start_date": "2024-06-01",
    "end_date": "2024-06-30",
    "created_at": "2025-12-25 09:33:49"
  },
  {
    "target_id": 269,
    "user_id": 91,
    "team_id": null,
    "time_period": "Q4 2024",
    "target_type": "New Leads",
    "target_value": 15,
    "actual_value": 10.048360910803822,
    "start_date": "2024-10-01",
    "end_date": "2024-12-31",
    "created_at": "2025-12-25 09:33:49"
  },
  {
    "target_id": 270,
    "user_id": 91,
    "team_id": null,
    "time_period": "Q3 2024",
    "target_type": "New Leads",
    "target_value": 32,
    "actual_value": 15.87643249117227,
    "start_date": "2024-07-01",
    "end_date": "2024-09-30",
    "created_at": "2025-12-25 09:33:49"
  },
  {
    "target_id": 271,
    "user_id": 92,
    "team_id": null,
    "time_period": "Jun 2024",
    "target_type": "New Leads",
    "target_value": 21,
    "actual_value": 12.430122283846124,
    "start_date": "2024-06-01",
    "end_date": "2024-06-30",
    "created_at": "2025-12-25 09:33:49"
  },
  {
    "target_id": 272,
    "user_id": 92,
    "team_id": null,
    "time_period": "Q4 2024",
    "target_type": "Revenue",
    "target_value": 91355,
    "actual_value": 74869.04801865637,
    "start_date": "2024-10-01",
    "end_date": "2024-12-31",
    "created_at": "2025-12-25 09:33:49"
  },
  {
    "target_id": 273,
    "user_id": 92,
    "team_id": null,
    "time_period": "Jan 2024",
    "target_type": "New Leads",
    "target_value": 15,
    "actual_value": 11.165943468026803,
    "start_date": "2024-01-01",
    "end_date": "2024-01-31",
    "created_at": "2025-12-25 09:33:49"
  },
  {
    "target_id": 274,
    "user_id": 93,
    "team_id": null,
    "time_period": "Jun 2024",
    "target_type": "New Leads",
    "target_value": 27,
    "actual_value": 23.897269705936974,
    "start_date": "2024-06-01",
    "end_date": "2024-06-30",
    "created_at": "2025-12-25 09:33:49"
  },
  {
    "target_id": 275,
    "user_id": 93,
    "team_id": null,
    "time_period": "Q3 2024",
    "target_type": "New Leads",
    "target_value": 31,
    "actual_value": 27.13787294241463,
    "start_date": "2024-07-01",
    "end_date": "2024-09-30",
    "created_at": "2025-12-25 09:33:49"
  },
  {
    "target_id": 276,
    "user_id": 93,
    "team_id": null,
    "time_period": "Q3 2024",
    "target_type": "New Leads",
    "target_value": 18,
    "actual_value": 13.730014128365628,
    "start_date": "2024-07-01",
    "end_date": "2024-09-30",
    "created_at": "2025-12-25 09:33:49"
  },
  {
    "target_id": 277,
    "user_id": 94,
    "team_id": null,
    "time_period": "Q3 2024",
    "target_type": "Revenue",
    "target_value": 352065,
    "actual_value": 288291.08279239567,
    "start_date": "2024-07-01",
    "end_date": "2024-09-30",
    "created_at": "2025-12-25 09:33:49"
  },
  {
    "target_id": 278,
    "user_id": 94,
    "team_id": null,
    "time_period": "Q1 2024",
    "target_type": "Revenue",
    "target_value": 232200,
    "actual_value": 200283.4560810219,
    "start_date": "2024-01-01",
    "end_date": "2024-03-31",
    "created_at": "2025-12-25 09:33:49"
  },
  {
    "target_id": 279,
    "user_id": 95,
    "team_id": null,
    "time_period": "Q4 2024",
    "target_type": "Revenue",
    "target_value": 684234,
    "actual_value": 377752.3216431188,
    "start_date": "2024-10-01",
    "end_date": "2024-12-31",
    "created_at": "2025-12-25 09:33:49"
  },
  {
    "target_id": 280,
    "user_id": 95,
    "team_id": null,
    "time_period": "Q4 2024",
    "target_type": "New Leads",
    "target_value": 24,
    "actual_value": 15.689071809003426,
    "start_date": "2024-10-01",
    "end_date": "2024-12-31",
    "created_at": "2025-12-25 09:33:49"
  },
  {
    "target_id": 281,
    "user_id": 96,
    "team_id": null,
    "time_period": "Mar 2024",
    "target_type": "Revenue",
    "target_value": 178192,
    "actual_value": 103286.22046696124,
    "start_date": "2024-03-01",
    "end_date": "2024-03-31",
    "created_at": "2025-12-25 09:33:49"
  },
  {
    "target_id": 282,
    "user_id": 96,
    "team_id": null,
    "time_period": "Mar 2024",
    "target_type": "Revenue",
    "target_value": 59377,
    "actual_value": 34808.51674227232,
    "start_date": "2024-03-01",
    "end_date": "2024-03-31",
    "created_at": "2025-12-25 09:33:49"
  },
  {
    "target_id": 283,
    "user_id": 96,
    "team_id": null,
    "time_period": "Jun 2024",
    "target_type": "Revenue",
    "target_value": 173835,
    "actual_value": 106515.21110511135,
    "start_date": "2024-06-01",
    "end_date": "2024-06-30",
    "created_at": "2025-12-25 09:33:49"
  },
  {
    "target_id": 284,
    "user_id": 96,
    "team_id": null,
    "time_period": "Q2 2024",
    "target_type": "New Leads",
    "target_value": 12,
    "actual_value": 8.07087830938153,
    "start_date": "2024-04-01",
    "end_date": "2024-06-30",
    "created_at": "2025-12-25 09:33:49"
  },
  {
    "target_id": 285,
    "user_id": 97,
    "team_id": null,
    "time_period": "Feb 2024",
    "target_type": "New Leads",
    "target_value": 38,
    "actual_value": 34.05786107520926,
    "start_date": "2024-02-01",
    "end_date": "2024-02-29",
    "created_at": "2025-12-25 09:33:49"
  },
  {
    "target_id": 286,
    "user_id": 97,
    "team_id": null,
    "time_period": "Apr 2024",
    "target_type": "Deals Closed",
    "target_value": 6,
    "actual_value": 2.6770362577404407,
    "start_date": "2024-04-01",
    "end_date": "2024-04-30",
    "created_at": "2025-12-25 09:33:49"
  },
  {
    "target_id": 287,
    "user_id": 97,
    "team_id": null,
    "time_period": "Jan 2024",
    "target_type": "Deals Closed",
    "target_value": 7,
    "actual_value": 3.6537674151144848,
    "start_date": "2024-01-01",
    "end_date": "2024-01-31",
    "created_at": "2025-12-25 09:33:49"
  },
  {
    "target_id": 288,
    "user_id": 97,
    "team_id": null,
    "time_period": "Q3 2024",
    "target_type": "New Leads",
    "target_value": 37,
    "actual_value": 15.956445079814651,
    "start_date": "2024-07-01",
    "end_date": "2024-09-30",
    "created_at": "2025-12-25 09:33:49"
  },
  {
    "target_id": 289,
    "user_id": 98,
    "team_id": null,
    "time_period": "Jan 2024",
    "target_type": "Deals Closed",
    "target_value": 10,
    "actual_value": 6.11713839570095,
    "start_date": "2024-01-01",
    "end_date": "2024-01-31",
    "created_at": "2025-12-25 09:33:49"
  },
  {
    "target_id": 290,
    "user_id": 98,
    "team_id": null,
    "time_period": "Q4 2024",
    "target_type": "Revenue",
    "target_value": 145250,
    "actual_value": 99625.42479461432,
    "start_date": "2024-10-01",
    "end_date": "2024-12-31",
    "created_at": "2025-12-25 09:33:49"
  },
  {
    "target_id": 291,
    "user_id": 98,
    "team_id": null,
    "time_period": "Feb 2024",
    "target_type": "Deals Closed",
    "target_value": 15,
    "actual_value": 8.987438526180757,
    "start_date": "2024-02-01",
    "end_date": "2024-02-29",
    "created_at": "2025-12-25 09:33:49"
  },
  {
    "target_id": 292,
    "user_id": 99,
    "team_id": null,
    "time_period": "Mar 2024",
    "target_type": "Revenue",
    "target_value": 161405,
    "actual_value": 143632.0051879698,
    "start_date": "2024-03-01",
    "end_date": "2024-03-31",
    "created_at": "2025-12-25 09:33:49"
  },
  {
    "target_id": 293,
    "user_id": 99,
    "team_id": null,
    "time_period": "Apr 2024",
    "target_type": "New Leads",
    "target_value": 11,
    "actual_value": 7.3904577666779865,
    "start_date": "2024-04-01",
    "end_date": "2024-04-30",
    "created_at": "2025-12-25 09:33:49"
  },
  {
    "target_id": 294,
    "user_id": 99,
    "team_id": null,
    "time_period": "Jun 2024",
    "target_type": "New Leads",
    "target_value": 30,
    "actual_value": 23.73925857506319,
    "start_date": "2024-06-01",
    "end_date": "2024-06-30",
    "created_at": "2025-12-25 09:33:49"
  },
  {
    "target_id": 295,
    "user_id": 99,
    "team_id": null,
    "time_period": "Q3 2024",
    "target_type": "Deals Closed",
    "target_value": 7,
    "actual_value": 4.163460916880094,
    "start_date": "2024-07-01",
    "end_date": "2024-09-30",
    "created_at": "2025-12-25 09:33:49"
  },
  {
    "target_id": 296,
    "user_id": 100,
    "team_id": null,
    "time_period": "Feb 2024",
    "target_type": "New Leads",
    "target_value": 19,
    "actual_value": 18.673283200018506,
    "start_date": "2024-02-01",
    "end_date": "2024-02-29",
    "created_at": "2025-12-25 09:33:49"
  },
  {
    "target_id": 297,
    "user_id": 100,
    "team_id": null,
    "time_period": "Jan 2024",
    "target_type": "Revenue",
    "target_value": 113905,
    "actual_value": 57134.084328802666,
    "start_date": "2024-01-01",
    "end_date": "2024-01-31",
    "created_at": "2025-12-25 09:33:49"
  },
  {
    "target_id": 298,
    "user_id": 100,
    "team_id": null,
    "time_period": "Q3 2024",
    "target_type": "Deals Closed",
    "target_value": 6,
    "actual_value": 2.6207325957556584,
    "start_date": "2024-07-01",
    "end_date": "2024-09-30",
    "created_at": "2025-12-25 09:33:49"
  },
  {
    "target_id": 299,
    "user_id": 100,
    "team_id": null,
    "time_period": "May 2024",
    "target_type": "Deals Closed",
    "target_value": 7,
    "actual_value": 5.519753972251836,
    "start_date": "2024-05-01",
    "end_date": "2024-05-31",
    "created_at": "2025-12-25 09:33:49"
  },
  {
    "target_id": 300,
    "user_id": null,
    "team_id": 1,
    "time_period": "Q3 2024",
    "target_type": "Revenue",
    "target_value": 2615509,
    "actual_value": 1991585.6986788246,
    "start_date": "2024-07-01",
    "end_date": "2024-09-30",
    "created_at": "2025-12-25 09:33:49"
  },
  {
    "target_id": 301,
    "user_id": null,
    "team_id": 2,
    "time_period": "Q3 2024",
    "target_type": "Revenue",
    "target_value": 1661469,
    "actual_value": 1168352.4567483948,
    "start_date": "2024-07-01",
    "end_date": "2024-09-30",
    "created_at": "2025-12-25 09:33:49"
  },
  {
    "target_id": 302,
    "user_id": null,
    "team_id": 3,
    "time_period": "Q3 2024",
    "target_type": "Revenue",
    "target_value": 1996150,
    "actual_value": 1439008.5716082514,
    "start_date": "2024-07-01",
    "end_date": "2024-09-30",
    "created_at": "2025-12-25 09:33:49"
  },
  {
    "target_id": 303,
    "user_id": null,
    "team_id": 4,
    "time_period": "Q3 2024",
    "target_type": "Revenue",
    "target_value": 1080645,
    "actual_value": 1022994.3277145937,
    "start_date": "2024-07-01",
    "end_date": "2024-09-30",
    "created_at": "2025-12-25 09:33:49"
  },
  {
    "target_id": 304,
    "user_id": null,
    "team_id": 5,
    "time_period": "Q3 2024",
    "target_type": "Revenue",
    "target_value": 1517659,
    "actual_value": 1015050.4012774018,
    "start_date": "2024-07-01",
    "end_date": "2024-09-30",
    "created_at": "2025-12-25 09:33:49"
  },
  {
    "target_id": 305,
    "user_id": null,
    "team_id": 6,
    "time_period": "Q3 2024",
    "target_type": "Revenue",
    "target_value": 2711434,
    "actual_value": 2478274.1106784246,
    "start_date": "2024-07-01",
    "end_date": "2024-09-30",
    "created_at": "2025-12-25 09:33:49"
  },
  {
    "target_id": 306,
    "user_id": null,
    "team_id": 7,
    "time_period": "Q3 2024",
    "target_type": "Revenue",
    "target_value": 1172479,
    "actual_value": 765978.8077798967,
    "start_date": "2024-07-01",
    "end_date": "2024-09-30",
    "created_at": "2025-12-25 09:33:49"
  },
  {
    "target_id": 307,
    "user_id": null,
    "team_id": 8,
    "time_period": "Q3 2024",
    "target_type": "Revenue",
    "target_value": 2213324,
    "actual_value": 1328244.3269745158,
    "start_date": "2024-07-01",
    "end_date": "2024-09-30",
    "created_at": "2025-12-25 09:33:49"
  },
  {
    "target_id": 308,
    "user_id": null,
    "team_id": 9,
    "time_period": "Q3 2024",
    "target_type": "Revenue",
    "target_value": 1771862,
    "actual_value": 1765844.7306855018,
    "start_date": "2024-07-01",
    "end_date": "2024-09-30",
    "created_at": "2025-12-25 09:33:49"
  },
  {
    "target_id": 309,
    "user_id": null,
    "team_id": 10,
    "time_period": "Q3 2024",
    "target_type": "Revenue",
    "target_value": 1147574,
    "actual_value": 688931.3212148872,
    "start_date": "2024-07-01",
    "end_date": "2024-09-30",
    "created_at": "2025-12-25 09:33:49"
  }
]